Date wo Year	Date 20	Ozone 20	PM25 20	Date 19	Ozone 19	PM25 19	Date 18	Ozone 18	PM25 18	Date 17	Ozone 17	PM25 17	Date 16	Ozone 16	PM25 16	Avg Ozone	confidence Ozone	upper Ozone	lower Ozone	Avg PM25	confidence PM25	upper PM25	lower PM25
1/1/1900	1/1/2020	31	36	1/1/2019	30	45	1/1/2018	35	51	1/1/2017	34	59	1/1/2016	32	50	32.75	2.172968737	34.92296874	30.57703126	51.25	5.679106269	56.92910627	45.57089373
1/2/1900	1/2/2020	31	56	1/2/2019	29	64	1/2/2018	33	56	1/2/2017	33	60	1/2/2016	31	63	31.5	1.876522649	33.37652265	29.62347735	60.75	3.522032194	64.27203219	57.22796781
1/3/1900	1/3/2020	19	68	1/3/2019	26	54	1/3/2018	29	69	1/3/2017	32	43	1/3/2016	29	73	29	2.400455838	31.40045584	26.59954416	59.75	13.56428662	73.31428662	46.18571338
1/4/1900	1/4/2020	28	59	1/4/2019	20	60	1/4/2018	32	52	1/4/2017	32	46	1/4/2016	30	48	28.5	5.629567947	34.12956795	22.87043205	51.5	6.067452543	57.56745254	45.43254746
1/5/1900	1/5/2020	33	37	1/5/2019	26	50	1/5/2018	36	48	1/5/2017	32	49	1/5/2016	31	59	31.25	4.030653743	35.28065374	27.21934626	51.5	4.964812259	56.46481226	46.53518774
1/6/1900	1/6/2020	31	47	1/6/2019	33	51	1/6/2018	35	46	1/6/2017	31	53	1/6/2016	30	68	32.25	2.172968737	34.42296874	30.07703126	54.5	9.279692985	63.77969299	45.22030701
1/7/1900	1/7/2020	29	72	1/7/2019	33	36	1/7/2018	35	52	1/7/2017	32	53	1/7/2016	21	96	30.25	6.165584826	36.41558483	24.08441517	59.25	25.19367063	84.44367063	34.05632937
1/8/1900	1/8/2020	33	47	1/8/2019	29	75	1/8/2018	27	69	1/8/2017	33	54	1/8/2016	31	77	30	2.530302624	32.53030262	27.46969738	68.75	10.19605214	78.94605214	58.55394786
1/9/1900	1/9/2020	30	43	1/9/2019	27	38	1/9/2018	33	75	1/9/2017	30	52	1/9/2016	31	63	30.25	2.449954981	32.69995498	27.80004502	57	15.4535009	72.4535009	41.5464991
1/10/1900	1/10/2020	32	50	1/10/2019	33	42	1/10/2018	25	64	1/10/2017	36	57	1/10/2016	33	39	31.75	4.622565812	36.37256581	27.12743419	50.5	11.71888019	62.21888019	38.78111981
1/11/1900	1/11/2020	36	52	1/11/2019	38	45	1/11/2018	32	95	1/11/2017	34	54	1/11/2016	33	45	34.25	2.577309167	36.82730917	31.67269083	59.75	23.40187969	83.15187969	36.34812031
1/12/1900	1/12/2020	32	40	1/12/2019	35	43	1/12/2018	32	55	1/12/2017	31	56	1/12/2016	31	55	32.25	1.855075972	34.10507597	30.39492403	52.25	6.060853898	58.3108539	46.1891461
1/13/1900	1/13/2020	21	51	1/13/2019	35	42	1/13/2018	33	44	1/13/2017	40	44	1/13/2016	36	48	36	2.88498887	38.88498887	33.11501113	44.5	2.46623393	46.96623393	42.03376607
1/14/1900	1/14/2020	20	60	1/14/2019	33	42	1/14/2018	37	43	1/14/2017	31	44	1/14/2016	26	61	31.75	4.481922402	36.2319224	27.2680776	47.5	8.856059183	56.35605918	38.64394082
1/15/1900	1/15/2020	28	62	1/15/2019	30	59	1/15/2018	33	58	1/15/2017	36	58	1/15/2016	28	105	31.75	3.429936973	35.17993697	28.32006303	70	22.87091259	92.87091259	47.12908741
1/16/1900	1/16/2020	31	55	1/16/2019	34	67	1/16/2018	25	69	1/16/2017	31	62	1/16/2016	31	52	30.25	3.699350896	33.9493509	26.5506491	62.5	7.441843275	69.94184328	55.05815672
1/17/1900	1/17/2020	37	37	1/17/2019	34	44	1/17/2018	26	62	1/17/2017	24	81	1/17/2016	34	42	29.5	5.154618335	34.65461833	24.34538167	57.25	17.84491329	75.09491329	39.40508671
1/18/1900	1/18/2020	34	32	1/18/2019	31	71	1/18/2018	31	58	1/18/2017	31	53	1/18/2016	32	51	31.25	0.489990996	31.739991	30.760009	58.25	8.815299809	67.06529981	49.43470019
1/19/1900	1/19/2020	34	40	1/19/2019	34	56	1/19/2018	33	72	1/19/2017	24	49	1/19/2016	35	41	31.5	4.964812259	36.46481226	26.53518774	54.5	12.91446232	67.41446232	41.58553768
1/20/1900	1/20/2020	39	35	1/20/2019	34	37	1/20/2018	39	56	1/20/2017	23	56	1/20/2016	35	42	32.75	6.712459367	39.46245937	26.03754063	47.75	9.547492687	57.29749269	38.20250731
1/21/1900	1/21/2020	38	45	1/21/2019	37	50	1/21/2018	40	67	1/21/2017	13	64	1/21/2016	37	48	31.75	12.32792418	44.07792418	19.42207582	57.25	9.446368995	66.69636899	47.80363101
1/22/1900	1/22/2020	33	56	1/22/2019	36	52	1/22/2018	31	96	1/22/2017	26	67	1/22/2016	39	53	33	5.601063622	38.60106362	27.39893638	67	20.09958754	87.09958754	46.90041246
1/23/1900	1/23/2020	29	76	1/23/2019	37	49	1/23/2018	36	51	1/23/2017	36	34	1/23/2016	36	47	36.25	0.489990996	36.739991	35.760009	45.25	7.522066685	52.77206668	37.72793332
1/24/1900	1/24/2020	30	82	1/24/2019	38	33	1/24/2018	33	39	1/24/2017	36	30	1/24/2016	36	52	35.75	2.020284633	37.77028463	33.72971537	38.5	9.55168294	48.05168294	28.94831706
1/25/1900	1/25/2020	36	50	1/25/2019	36	46	1/25/2018	37	36	1/25/2017	32	38	1/25/2016	35	64	35	2.11700306	37.11700306	32.88299694	46	12.49877295	58.49877295	33.50122705
1/26/1900	1/26/2020	24	30	1/26/2019	35	48	1/26/2018	34	53	1/26/2017	35	63	1/26/2016	35	89	34.75	0.489990996	35.239991	34.260009	63.25	17.89864966	81.14864966	45.35135034
1/27/1900	1/27/2020	26	35	1/27/2019	41	51	1/27/2018	39	52	1/27/2017	30	38	1/27/2016	29	55	34.75	6.007803828	40.75780383	28.74219617	49	7.377036439	56.37703644	41.62296356
1/28/1900	1/28/2020	36	30	1/28/2019	36	54	1/28/2018	29	52	1/28/2017	28	36	1/28/2016	31	62	31	3.487781472	34.48778147	27.51221853	51	10.67535846	61.67535846	40.32464154
1/29/1900	1/29/2020	37	29	1/29/2019	35	60	1/29/2018	31	56	1/29/2017	32	52	1/29/2016	28	63	31.5	2.828964335	34.32896434	28.67103566	57.75	4.691306623	62.44130662	53.05869338
1/30/1900	1/30/2020	33	40	1/30/2019	37	54	1/30/2018	31	43	1/30/2017	38	41	1/30/2016	32	68	34.5	3.441583652	37.94158365	31.05841635	51.5	12.14808804	63.64808804	39.35191196
1/31/1900	1/31/2020	33	57	1/31/2019	33	49	1/31/2018	32	38	1/31/2017	31	56	1/31/2016	40	74	34	4.00075973	38.00075973	29.99924027	54.25	14.80551397	69.05551397	39.44448603
2/1/1900	2/1/2020	29	70	2/1/2019	35	51	2/1/2018	28	58	2/1/2017	37	52	2/1/2016	38	69	34.5	4.418983556	38.91898356	30.08101644	57.5	8.100921029	65.60092103	49.39907897
2/2/1900	2/2/2020	28	57	2/2/2019	32	80	2/2/2018	35	45	2/2/2017	36	45	2/2/2016	38	45	35.25	2.449954981	37.69995498	32.80004502	53.75	17.14968486	70.89968486	36.60031514
2/3/1900	2/3/2020	34	54	2/3/2019	41	92	2/3/2018	31	41	2/3/2017	38	45	2/3/2016	37	54	36.75	4.10930806	40.85930806	32.64069194	58	22.84290167	80.84290167	35.15709833
2/4/1900	2/4/2020	33	68	2/4/2019	38	83	2/4/2018	35	48	2/4/2017	40	85	2/4/2016	31	47	36	3.837393926	39.83739393	32.16260607	65.75	20.67080703	86.42080703	45.07919297
2/5/1900	2/5/2020	33	31	2/5/2019	36	81	2/5/2018	39	43	2/5/2017	33	61	2/5/2016	36	36	36	2.400455838	38.40045584	33.59954416	55.25	19.73595496	74.98595496	35.51404504
2/6/1900	2/6/2020	29	52	2/6/2019	28	42	2/6/2018	31	60	2/6/2017	39	89	2/6/2016	32	66	32.5	4.561567926	37.06156793	27.93843207	64.25	19.00887215	83.25887215	45.24112785
2/7/1900	2/7/2020	34	36	2/7/2019	25	51	2/7/2018	35	74	2/7/2017	30	85	2/7/2016	36	70	31.5	4.964812259	36.46481226	26.53518774	70	13.88211742	83.88211742	56.11788258
2/8/1900	2/8/2020	35	47	2/8/2019	35	43	2/8/2018	39	53	2/8/2017	32	63	2/8/2016	39	42	36.25	3.335299762	39.58529976	32.91470024	50.25	9.647556479	59.89755648	40.60244352
2/9/1900	2/9/2020	37	54	2/9/2019	37	35	2/9/2018	35	75	2/9/2017	38	34	2/9/2016	34	67	36	1.789194144	37.78919414	34.21080586	52.75	20.90181596	73.65181596	31.84818404
2/10/1900	2/10/2020	35	45	2/10/2019	35	30	2/10/2018	35	84	2/10/2017	38	38	2/10/2016	33	63	35.25	2.020284633	37.27028463	33.22971537	53.75	24.08942451	77.83942451	29.66057549
2/11/1900	2/11/2020	32	53	2/11/2019	35	58	2/11/2018	23	59	2/11/2017	34	62	2/11/2016	37	38	32.25	6.165584826	38.41558483	26.08441517	54.25	10.74634151	64.99634151	43.50365849
2/12/1900	2/12/2020	36	45	2/12/2019	40	42	2/12/2018	41	42	2/12/2017	31	57	2/12/2016	37	50	37.25	4.409918965	41.65991897	32.84008103	47.75	7.083717657	54.83371766	40.66628234
2/13/1900	2/13/2020	32	46	2/13/2019	38	42	2/13/2018	38	54	2/13/2017	35	58	2/13/2016	37	54	37	1.385903824	38.38590382	35.61409618	52	6.789514404	58.7895144	45.2104856
2/14/1900	2/14/2020	34	34	2/14/2019	44	50	2/14/2018	31	60	2/14/2017	39	78	2/14/2016	31	53	36.25	6.268566225	42.51856623	29.98143377	60.25	12.30192958	72.55192958	47.94807042
2/15/1900	2/15/2020	33	52	2/15/2019	43	63	2/15/2018	16	84	2/15/2017	39	62	2/15/2016	38	69	34	11.94881666	45.94881666	22.05118334	69.5	9.945730975	79.44573098	59.55426902
2/16/1900	2/16/2020	32	52	2/16/2019	38	39	2/16/2018	37	52	2/16/2017	34	41	2/16/2016	41	57	37.5	2.828964335	40.32896434	34.67103566	47.25	8.482176755	55.73217675	38.76782325
2/17/1900	2/17/2020	38	56	2/17/2019	40	30	2/17/2018	37	51	2/17/2017	42	66	2/17/2016	31	45	37.5	4.699828531	42.19982853	32.80017147	48	14.60140283	62.60140283	33.39859717
2/18/1900	2/18/2020	35	53	2/18/2019	41	41	2/18/2018	40	48	2/18/2017	51	82	2/18/2016	36	39	42	6.249386477	48.24938648	35.75061352	52.5	19.64042998	72.14042998	32.85957002
2/19/1900	2/19/2020	39	35	2/19/2019	42	40	2/19/2018	37	60	2/19/2017	47	60	2/19/2016	36	44	40.5	4.964812259	45.46481226	35.53518774	51	10.30923667	61.30923667	40.69076333
2/20/1900	2/20/2020	38	28	2/20/2019	38	57	2/20/2018	24	63	2/20/2017	44	55	2/20/2016	40	59	36.5	8.524529079	45.02452908	27.97547092	58.5	3.347275742	61.84727574	55.15272426
2/21/1900	2/21/2020	39	41	2/21/2019	42	44	2/21/2018	32	52	2/21/2017	44	75	2/21/2016	35	53	38.25	5.565227915	43.81522791	32.68477209	56	13.02552998	69.02552998	42.97447002
2/22/1900	2/22/2020	40	45	2/22/2019	46	52	2/22/2018	31	54	2/22/2017	37	62	2/22/2016	36	33	37.5	6.11998558	43.61998558	31.38001442	50.25	12.03889696	62.28889696	38.21110304
2/23/1900	2/23/2020	44	54	2/23/2019	41	51	2/23/2018	30	54	2/23/2017	41	79	2/23/2016	34	55	36.5	5.337679232	41.83767923	31.16232077	59.75	12.68625707	72.43625707	47.06374293
2/24/1900	2/24/2020	44	74	2/24/2019	43	47	2/24/2018	22	53	2/24/2017	44	49	2/24/2016	32	61	35.25	10.16460704	45.41460704	25.08539296	52.5	6.067452543	58.56745254	46.43254746
2/25/1900	2/25/2020	32	62	2/25/2019	43	45	2/25/2018	29	57	2/25/2017	40	32	2/25/2016	33	42	36.25	6.268566225	42.51856623	29.98143377	44	10.08953214	54.08953214	33.91046786
2/26/1900	2/26/2020	40	54	2/26/2019	41	38	2/26/2018	38	46	2/26/2017	36	38	2/26/2016	39	32	38.5	2.039995193	40.53999519	36.46000481	38.5	5.629567947	44.12956795	32.87043205
2/27/1900	2/27/2020	39	33	2/27/2019	39	30	2/27/2018	44	38	2/27/2017	41	53	2/27/2016	37	95	40.25	2.926303462	43.17630346	37.32369654	54	28.36874377	82.36874377	25.63125623
2/28/1900	2/28/2020	39	36	2/28/2019	41	53	2/28/2018	41	53	2/28/2017	43	57	2/28/2016	54	62	44.75	6.113443638	50.86344364	38.63655636	56.25	4.186484906	60.43648491	52.06351509
2/29/1900	2/29/2020	36	30	3/1/2019	41	66	3/1/2018	42	69	3/1/2017	38	52	2/29/2016	36	53	39.25	2.698659979	41.94865998	36.55134002	60	8.580673676	68.58067368	51.41932632
3/1/1900	3/1/2020	41	32	3/2/2019	43	52	3/2/2018	39	26	3/2/2017	44	41	3/1/2016	44	47	42.5	2.332823753	44.83282375	40.16717625	41.5	11.04383618	52.54383618	30.45616382
3/2/1900	3/2/2020	47	60	3/3/2019	47	60	3/3/2018	37	32	3/3/2017	40	55	3/2/2016	42	54	41.5	4.119034247	45.61903425	37.38096575	50.25	12.19739722	62.44739722	38.05260278
3/3/1900	3/3/2020	41	56	3/4/2019	47	38	3/4/2018	41	20	3/4/2017	40	54	3/3/2016	37	34	41.25	4.10930806	45.35930806	37.14069194	36.5	13.70807648	50.20807648	22.79192352
3/4/1900	3/4/2020	39	29	3/5/2019	42	51	3/5/2018	37	42	3/5/2017	40	48	3/4/2016	35	59	38.5	3.046887836	41.54688784	35.45311216	50	6.929519122	56.92951912	43.07048088
3/5/1900	3/5/2020	37	34	3/6/2019	43	49	3/6/2018	42	113	3/6/2017	42	60	3/5/2016	38	40	41.25	2.172968737	43.42296874	39.07703126	65.5	32.05105479	97.55105479	33.44894521
3/6/1900	3/6/2020	40	46	3/7/2019	44	56	3/7/2018	39	45	3/7/2017	47	66	3/6/2016	40	47	42.5	3.62284202	46.12284202	38.87715798	53.5	9.416670029	62.91667003	44.08332997
3/7/1900	3/7/2020	40	23	3/8/2019	46	66	3/8/2018	40	34	3/8/2017	47	54	3/7/2016	44	78	44.25	3.033726272	47.28372627	41.21627373	58	18.38609192	76.38609192	39.61390808
3/8/1900	3/8/2020	41	29	3/9/2019	58	81	3/9/2018	38	40	3/9/2017	50	52	3/8/2016	49	85	48.75	8.056342097	56.8063421	40.6936579	64.5	21.53732	86.03732	42.96268
3/9/1900	3/9/2020	48	50	3/10/2019	49	59	3/10/2018	42	32	3/10/2017	41	35	3/9/2016	80	110	53	17.98117861	70.98117861	35.01882139	59	35.36092259	94.36092259	23.63907741
3/10/1900	3/10/2020	64	48	3/11/2019	48	48	3/11/2018	43	33	3/11/2017	40	30	3/10/2016	74	70	51.25	15.21078116	66.46078116	36.03921884	45.25	17.91652597	63.16652597	27.33347403
3/11/1900	3/11/2020	74	30	3/12/2019	45	36	3/12/2018	40	82	3/12/2017	38	45	3/11/2016	41	27	41	2.88498887	43.88498887	38.11501113	47.5	23.66205027	71.16205027	23.83794973
3/12/1900	3/12/2020	36	52	3/13/2019	47	56	3/13/2018	41	28	3/13/2017	40	39	3/12/2016	40	29	42	3.29911099	45.29911099	38.70088901	38	12.72719583	50.72719583	25.27280417
3/13/1900	3/13/2020	42	46	3/14/2019	54	54	3/14/2018	39	47	3/14/2017	40	75	3/13/2016	42	58	43.75	6.807172469	50.55717247	36.94282753	58.5	11.66411877	70.16411877	46.83588123
3/14/1900	3/14/2020	39	22	3/15/2019	51	64	3/15/2018	47	44	3/15/2017	42	33	3/14/2016	40	30	45	4.867134276	49.86713428	40.13286572	42.75	15.08397841	57.83397841	27.66602159
3/15/1900	3/15/2020	41	23	3/16/2019	43	39	3/16/2018	42	40	3/16/2017	48	41	3/15/2016	39	42	43	3.66675686	46.66675686	39.33324314	40.5	1.265151312	41.76515131	39.23484869
3/16/1900	3/16/2020	40	25	3/17/2019	44	36	3/17/2018	45	28	3/17/2017	51	45	3/16/2016	38	54	44.5	5.216352491	49.71635249	39.28364751	40.75	11.01117814	51.76117814	29.73882186
3/17/1900	3/17/2020	36	39	3/18/2019	43	33	3/18/2018	45	26	3/18/2017	48	73	3/17/2016	41	36	44.25	2.926303462	47.17630346	41.32369654	42	20.66499872	62.66499872	21.33500128
3/18/1900	3/18/2020	42	36	3/19/2019	44	42	3/19/2018	44	54	3/19/2017	51	32	3/18/2016	41	38	45	4.157711473	49.15771147	40.84228853	41.5	9.105574458	50.60557446	32.39442554
3/19/1900	3/19/2020	36	40	3/20/2019	49	61	3/20/2018	40	52	3/20/2017	67	39	3/19/2016	41	24	49.25	12.2497749	61.4997749	37.0002251	44	15.78146318	59.78146318	28.21853682
3/20/1900	3/20/2020	38	61	3/21/2019	45	48	3/21/2018	41	53	3/21/2017	58	53	3/20/2016	40	28	46	8.120655336	54.12065534	37.87934466	45.5	11.66411877	57.16411877	33.83588123
3/21/1900	3/21/2020	41	28	3/22/2019	44	23	3/22/2018	45	35	3/22/2017	44	45	3/21/2016	51	31	46	3.29911099	49.29911099	42.70088901	33.5	8.963844804	42.4638448	24.5361552
3/22/1900	3/22/2020	41	28	3/23/2019	44	26	3/23/2018	43	28	3/23/2017	44	39	3/22/2016	44	41	43.75	0.489990996	44.239991	43.260009	33.5	7.441843275	40.94184328	26.05815672
3/23/1900	3/23/2020	38	21	3/24/2019	50	31	3/24/2018	44	25	3/24/2017	48	52	3/23/2016	58	62	50	5.769977739	55.76997774	44.23002226	42.5	17.05844382	59.55844382	25.44155618
3/24/1900	3/24/2020	39	25	3/25/2019	44	43	3/25/2018	41	30	3/25/2017	37	68	3/24/2016	50	60	43	5.367582431	48.36758243	37.63241757	50.25	16.71484666	66.96484666	33.53515334
3/25/1900	3/25/2020	39	32	3/26/2019	44	27	3/26/2018	45	63	3/26/2017	41	57	3/25/2016	42	68	43	1.789194144	44.78919414	41.21080586	53.75	18.02341148	71.77341148	35.72658852
3/26/1900	3/26/2020	44	36	3/27/2019	45	35	3/27/2018	44	51	3/27/2017	37	65	3/26/2016	40	29	41.5	3.62284202	45.12284202	37.87715798	45	15.92282268	60.92282268	29.07717732
3/27/1900	3/27/2020	44	30	3/28/2019	47	55	3/28/2018	35	66	3/28/2017	37	67	3/27/2016	51	40	42.5	7.569792649	50.06979265	34.93020735	57	12.31818263	69.31818263	44.68181737
3/28/1900	3/28/2020	42	39	3/29/2019	44	59	3/29/2018	37	77	3/29/2017	46	24	3/28/2016	42	48	42.25	3.784896324	46.03489632	38.46510368	52	21.72232013	73.72232013	30.27767987
3/29/1900	3/29/2020	42	23	3/30/2019	71	72	3/30/2018	37	67	3/30/2017	44	35	3/29/2016	61	24	53.25	15.23181232	68.48181232	38.01818768	49.5	23.14224241	72.64224241	26.35775759
3/30/1900	3/30/2020	37	43	3/31/2019	45	100	3/31/2018	44	28	3/31/2017	44	27	3/30/2016	46	33	44.75	0.938261325	45.68826132	43.81173868	47	34.7214318	81.7214318	12.2785682
3/31/1900	3/31/2020	41	23	4/1/2019	44	26	4/1/2018	44	32	4/1/2017	42	22	3/31/2016	61	49	47.75	8.705675236	56.45567524	39.04432476	32.25	11.66068764	43.91068764	20.58931236
4/1/1900	4/1/2020	43	27	4/2/2019	46	34	4/2/2018	44	53	4/2/2017	45	27	4/1/2016	45	48	45	0.800151946	45.80015195	44.19984805	40.5	11.82764243	52.32764243	28.67235757
4/2/1900	4/2/2020	41	13	4/3/2019	54	46	4/3/2018	42	58	4/3/2017	49	55	4/2/2016	39	26	46	6.646561249	52.64656125	39.35343875	46.25	14.14199243	60.39199243	32.10800757
4/3/1900	4/3/2020	36	13	4/4/2019	49	32	4/4/2018	43	58	4/4/2017	44	55	4/3/2016	41	25	44.25	3.335299762	47.58529976	40.91470024	42.5	16.13253964	58.63253964	26.36746036
4/4/1900	4/4/2020	40	19	4/5/2019	41	40	4/5/2018	44	26	4/5/2017	43	60	4/4/2016	37	50	41.25	3.033726272	44.28372627	38.21627373	44	14.22381212	58.22381212	29.77618788
4/5/1900	4/5/2020	41	52	4/6/2019	49	53	4/6/2018	49	56	4/6/2017	42	50	4/5/2016	43	32	45.75	3.699350896	49.4493509	42.0506491	47.75	10.56609658	58.31609658	37.18390342
4/6/1900	4/6/2020	43	35	4/7/2019	64	53	4/7/2018	46	28	4/7/2017	39	30	4/6/2016	47	40	49	10.4019753	59.4019753	38.5980247	37.75	11.21283844	48.96283844	26.53716156
4/7/1900	4/7/2020	50	35	4/8/2019	51	61	4/8/2018	43	28	4/8/2017	45	21	4/7/2016	44	44	45.75	3.522032194	49.27203219	42.22796781	38.5	17.46642077	55.96642077	21.03357923
4/8/1900	4/8/2020	44	46	4/9/2019	38	65	4/9/2018	43	35	4/9/2017	61	32	4/8/2016	41	35	45.75	10.16460704	55.91460704	35.58539296	41.75	15.25281449	57.00281449	26.49718551
4/9/1900	4/9/2020	43	31	4/10/2019	38	36	4/10/2018	43	62	4/10/2017	97	55	4/9/2016	43	41	55.25	27.37379333	82.62379333	27.87620667	48.5	11.82764243	60.32764243	36.67235757
4/10/1900	4/10/2020	38	17	4/11/2019	42	38	4/11/2018	50	58	4/11/2017	122	63	4/10/2016	42	35	64	38.07243703	102.072437	25.92756297	48.5	13.77795667	62.27795667	34.72204333
4/11/1900	4/11/2020	43	28	4/12/2019	46	51	4/12/2018	51	73	4/12/2017	54	63	4/11/2016	48	55	49.75	3.429936973	53.17993697	46.32006303	60.5	9.518109258	70.01810926	50.98189074
4/12/1900	4/12/2020	47	44	4/13/2019	47	53	4/13/2018	97	66	4/13/2017	48	26	4/12/2016	47	37	59.75	24.34060379	84.09060379	35.40939621	45.5	17.24508443	62.74508443	28.25491557
4/13/1900	4/13/2020	45	28	4/14/2019	44	54	4/14/2018	97	71	4/14/2017	61	41	4/13/2016	43	35	61.25	24.71906235	85.96906235	36.53093765	50.25	15.62602721	65.87602721	34.62397279
4/14/1900	4/14/2020	43	18	4/15/2019	45	43	4/15/2018	43	42	4/15/2017	51	37	4/14/2016	47	44	46.5	3.347275742	49.84727574	43.15272426	41.5	3.046887836	44.54688784	38.45311216
4/15/1900	4/15/2020	44	28	4/16/2019	49	27	4/16/2018	43	36	4/16/2017	71	57	4/15/2016	46	50	52.25	12.48275504	64.73275504	39.76724496	42.5	13.25695067	55.75695067	29.24304933
4/16/1900	4/16/2020	40	30	4/17/2019	47	31	4/17/2018	34	24	4/17/2017	51	25	4/16/2016	48	48	45	7.377036439	52.37703644	37.62296356	32	10.8832431	42.8832431	21.1167569
4/17/1900	4/17/2020	44	35	4/18/2019	58	53	4/18/2018	37	34	4/18/2017	54	29	4/17/2016	61	59	52.5	10.50913608	63.00913608	41.99086392	43.75	14.20973889	57.95973889	29.54026111
4/18/1900	4/18/2020	44	43	4/19/2019	45	56	4/19/2018	43	39	4/19/2017	43	35	4/18/2016	84	65	53.75	19.78455579	73.53455579	33.96544421	48.75	13.86769744	62.61769744	34.88230256
4/19/1900	4/19/2020	50	40	4/20/2019	45	52	4/20/2018	43	23	4/20/2017	39	56	4/19/2016	54	40	45.25	6.217288749	51.46728875	39.03271125	42.75	14.52171075	57.27171075	28.22828925
4/20/1900	4/20/2020	43	26	4/21/2019	44	44	4/21/2018	50	31	4/21/2017	41	52	4/20/2016	50	27	46.25	4.409918965	50.65991897	41.84008103	38.5	11.32999333	49.82999333	27.17000667
4/21/1900	4/21/2020	41	38	4/22/2019	41	38	4/22/2018	54	33	4/22/2017	34	40	4/21/2016	77	52	51.5	18.53349516	70.03349516	32.96650484	40.75	7.895801127	48.64580113	32.85419887
4/22/1900	4/22/2020	40	20	4/23/2019	61	43	4/23/2018	67	60	4/23/2017	42	21	4/22/2016	100	85	67.5	23.66205027	91.16205027	43.83794973	52.25	26.50635419	78.75635419	25.74364581
4/23/1900	4/23/2020	40	35	4/24/2019	44	29	4/24/2018	67	55	4/24/2017	43	45	4/23/2016	41	43	48.75	11.98559777	60.73559777	36.76440223	43	10.49389439	53.49389439	32.50610561
4/24/1900	4/24/2020	37	39	4/25/2019	44	43	4/25/2018	49	48	4/25/2017	39	27	4/24/2016	49	35	45.25	4.691306623	49.94130662	40.55869338	38.25	9.030557544	47.28055754	29.21944246
4/25/1900	4/25/2020	46	44	4/26/2019	44	45	4/26/2018	48	66	4/26/2017	32	40	4/25/2016	71	55	48.75	15.99053166	64.74053166	32.75946834	51.5	11.27334301	62.77334301	40.22665699
4/26/1900	4/26/2020	41	26	4/27/2019	47	28	4/27/2018	46	53	4/27/2017	40	52	4/26/2016	51	62	46	4.45505749	50.45505749	41.54494251	48.75	14.25472432	63.00472432	34.49527568
4/27/1900	4/27/2020	38	14	4/28/2019	36	35	4/28/2018	74	65	4/28/2017	90	61	4/27/2016	44	41	61	24.81761265	85.81761265	36.18238735	50.5	14.43603619	64.93603619	36.06396381
4/28/1900	4/28/2020	44	24	4/29/2019	44	34	4/29/2018	42	32	4/29/2017	51	45	4/28/2016	46	39	45.75	3.784896324	49.53489632	41.96510368	37.5	5.686147941	43.18614794	31.81385206
4/29/1900	4/29/2020	43	46	4/30/2019	46	62	4/30/2018	41	33	4/30/2017	43	38	4/29/2016	48	43	44.5	3.046887836	47.54688784	41.45311216	44	12.42169859	56.42169859	31.57830141
4/30/1900	4/30/2020	47	41	5/1/2019	41	46	5/1/2018	112	53	5/1/2017	31	55	4/30/2016	49	33	58.25	35.8497987	94.0997987	22.4002013	46.75	9.746593016	56.49659302	37.00340698
5/1/1900	5/1/2020	54	24	5/2/2019	45	62	5/2/2018	119	63	5/2/2017	49	41	5/1/2016	43	23	64	36.01572705	100.0157271	27.98427295	47.25	18.70328431	65.95328431	28.54671569
5/2/1900	5/2/2020	40	23	5/3/2019	39	67	5/3/2018	93	61	5/3/2017	44	20	5/2/2016	34	53	52.5	26.76026809	79.26026809	25.73973191	50.25	20.5465403	70.7965403	29.7034597
5/3/1900	5/3/2020	50	40	5/4/2019	35	81	5/4/2018	74	60	5/4/2017	48	40	5/3/2016	30	48	46.75	19.29303899	66.04303899	27.45696101	57.25	17.48245027	74.73245027	39.76754973
5/4/1900	5/4/2020	44	31	5/5/2019	35	40	5/5/2018	61	88	5/5/2017	40	33	5/4/2016	31	39	41.75	13.0837689	54.8337689	28.6662311	50	25.01034875	75.01034875	24.98965125
5/5/1900	5/5/2020	44	15	5/6/2019	44	68	5/6/2018	48	48	5/6/2017	41	40	5/5/2016	32	23	41.25	6.664598083	47.91459808	34.58540192	44.75	18.3053886	63.0553886	26.4446114
5/6/1900	5/6/2020	39	27	5/7/2019	54	43	5/7/2018	51	48	5/7/2017	36	20	5/6/2016	29	28	42.5	11.71888019	54.21888019	30.78111981	34.75	12.73662454	47.48662454	22.01337546
5/7/1900	5/7/2020	45	24	5/8/2019	42	43	5/8/2018	71	52	5/8/2017	38	31	5/7/2016	31	41	45.5	17.24508443	62.74508443	28.25491557	41.75	8.444351921	50.19435192	33.30564808
5/8/1900	5/8/2020	40	22	5/9/2019	41	51	5/9/2018	90	56	5/9/2017	48	40	5/8/2016	39	35	54.5	23.49914265	77.99914265	31.00085735	45.5	9.484416731	54.98441673	36.01558327
5/9/1900	5/9/2020	31	13	5/10/2019	42	54	5/10/2018	48	49	5/10/2017	44	54	5/9/2016	48	55	45.5	2.939945977	48.43994598	42.56005402	53	2.65380378	55.65380378	50.34619622
5/10/1900	5/10/2020	46	29	5/11/2019	43	52	5/11/2018	54	40	5/11/2017	40	55	5/10/2016	46	37	45.75	5.900272923	51.65027292	39.84972708	46	8.654966609	54.65496661	37.34503339
5/11/1900	5/11/2020	39	22	5/12/2019	40	25	5/12/2018	46	39	5/12/2017	39	35	5/11/2016	51	48	44	5.48556537	49.48556537	38.51443463	36.75	9.344150993	46.09415099	27.40584901
