date, pm25, o3, no2, co
2020/5/2, 12, 32, 5, 1
2020/5/3, 15, 41, 9, 2
2020/5/4, 31, 35, 7, 1
2020/5/5, 17, 36, 6, 1
2020/5/6, 13, 27, 11, 2
2020/5/7, 21, 39, 10, 1
2020/5/8, 15, 30, , 1
2020/5/9, 19, 24, , 1
2020/5/10, 11, 36, , 1
2020/5/11, 15, 28, 6, 1
2020/5/12, 19, 34, 6, 1
2020/5/13, 7, 35, 11, 1
2020/5/14, 10, 39, 18, 2
2020/5/15, 22, 46, 13, 2
2020/5/16, 41, 36, 7, 1
2020/5/17, 16, 37, 4, 1
2020/5/18, 10, 37, , 1
2020/5/19, 10, 33, , 1
2020/5/20, 15, 34, , 1
2020/5/21, 9, 30, , 1
2020/5/22, 25, 31, , 2
2020/5/23, 25, 29, , 1
2020/5/24, 13, 32, , 1
2020/5/25, 24, 23, , 1
2020/5/26, 20, , , 
2020/4/2, 17, 31, , 1
2020/4/3, 15, 24, , 1
2020/4/4, 14, 30, , 1
2020/4/5, 15, 22, , 3
2020/4/6, 41, 32, , 1
2020/4/7, 19, 37, , 1
2020/4/8, 21, 31, , 2
2020/4/9, 39, 35, , 1
2020/4/10, 16, 29, , 1
2020/4/11, 14, 35, , 1
2020/4/12, 18, 36, 16, 2
2020/4/13, 39, 35, 7, 1
2020/4/14, 21, 35, 8, 1
2020/4/15, 18, 35, 7, 1
2020/4/16, 16, 32, 8, 1
2020/4/17, 20, 33, 12, 2
2020/4/18, 23, 29, 10, 2
2020/4/19, 18, 40, 12, 2
2020/4/20, 27, 32, 14, 2
2020/4/21, 23, 30, 8, 1
2020/4/22, 23, 31, , 
2020/4/23, 14, 25, , 
2020/4/24, 25, 22, 13, 2
2020/4/25, 20, 36, , 2
2020/4/26, 27, 32, , 1
2020/4/27, 16, 28, , 1
2020/4/28, 7, 32, , 1
2020/4/29, 19, 30, , 2
2020/4/30, 27, 34, 4, 1
2020/5/1, 24, 36, 15, 1
2020/3/2, 26, 21, 31, 5
2020/3/3, 40, 22, 23, 5
2020/3/4, 50, 30, 10, 2
2020/3/5, 22, 27, 12, 2
2020/3/6, 24, 24, 19, 3
2020/3/7, 25, 30, 10, 2
2020/3/8, 22, 28, 13, 2
2020/3/9, 22, 30, 24, 7
2020/3/10, 45, 23, 21, 3
2020/3/11, 43, 23, 15, 2
2020/3/12, 19, 18, 19, 4
2020/3/13, 36, 33, 13, 2
2020/3/14, 24, 29, 7, 1
2020/3/15, 23, 31, 7, 1
2020/3/16, 19, 27, 11, 2
2020/3/17, 23, 23, 20, 2
2020/3/18, 25, 27, 14, 2
2020/3/19, 26, 23, 16, 2
2020/3/20, 21, 33, 21, 3
2020/3/21, 35, 31, 4, 1
2020/3/22, 17, 32, , 1
2020/3/23, 28, 23, , 1
2020/3/24, 13, 29, , 1
2020/3/25, 15, 27, , 2
2020/3/26, 23, 27, , 2
2020/3/27, 28, 34, , 2
2020/3/28, 26, 32, , 2
2020/3/29, 26, 33, , 1
2020/3/30, 11, 23, , 2
2020/3/31, 23, 31, , 2
2020/4/1, 9, 33, , 1
2020/2/2, 48, 17, , 4
2020/2/3, 40, 19, , 5
2020/2/4, 44, 2, , 10
2020/2/5, 60, 20, , 4
2020/2/6, 24, 14, , 4
2020/2/7, 21, 23, , 3
2020/2/8, 29, 26, , 3
2020/2/9, 36, 18, , 4
2020/2/10, 44, 21, , 2
2020/2/11, 35, 8, , 5
2020/2/12, 35, 25, , 2
2020/2/13, 34, 19, , 4
2020/2/14, 33, 25, , 2
2020/2/15, 30, 19, , 3
2020/2/16, 26, 16, , 6
2020/2/17, 39, 27, , 3
2020/2/18, 42, 21, , 3
2020/2/19, 38, 27, 11, 2
2020/2/20, 30, 27, 11, 2
2020/2/21, 23, 27, 14, 3
2020/2/22, 22, 20, 23, 7
2020/2/23, 31, 28, , 
2020/2/24, 35, 25, 29, 5
2020/2/25, 55, 19, 30, 6
2020/2/26, 42, 23, , 
2020/2/27, 21, 29, , 
2020/2/28, 16, 27, , 
2020/2/29, 21, 26, , 
2020/3/1, 23, 31, 13, 2
2020/1/2, 31, 13, , 7
2020/1/3, 50, 1, , 9
2020/1/4, 61, 7, , 6
2020/1/5, 55, 24, , 2
2020/1/6, 41, 17, , 3
2020/1/7, 42, 13, , 4
2020/1/8, 46, 24, , 2
2020/1/9, 47, 21, , 2
2020/1/10, 44, 9, , 3
2020/1/11, 43, 24, , 3
2020/1/12, 49, 25, , 2
2020/1/13, 37, 12, , 3
2020/1/14, 47, 4, , 4
2020/1/15, 49, 19, , 3
2020/1/16, 47, 22, , 2
2020/1/17, 43, 26, , 1
2020/1/18, 29, 21, , 3
2020/1/19, 27, 18, , 2
2020/1/20, 34, 27, , 1
2020/1/21, 29, 24, , 2
2020/1/22, 31, 17, , 5
2020/1/23, 34, 7, , 12
2020/1/24, 67, 12, , 7
2020/1/25, 59, 23, , 3
2020/1/26, 25, 15, , 4
2020/1/27, 24, 13, , 6
2020/1/28, 30, 24, , 2
2020/1/29, 21, 26, , 2
2020/1/30, 26, 20, , 3
2020/1/31, 36, 7, , 5
2020/2/1, 43, 6, , 5
2019/10/2, 24, 40, 13, 2
2019/10/3, 44, 13, 11, 2
2019/10/4, 4, 20, 8, 1
2019/10/5, 6, 25, 5, 1
2019/10/6, 9, 25, , 1
2019/10/7, 15, 26, , 1
2019/10/8, 16, 22, , 1
2019/10/9, 11, 15, , 1
2019/10/10, 13, 26, , 1
2019/10/11, 7, 26, 6, 1
2019/10/12, 8, 23, 9, 1
2019/10/13, 16, 26, 10, 2
2019/10/14, 21, 33, 14, 2
2019/10/15, 29, 25, 15, 2
2019/10/16, 26, 33, 19, 2
2019/10/17, 23, 22, 2, 1
2019/10/18, 16, 17, , 1
2019/10/19, 12, 20, , 2
2019/10/20, 16, 23, , 5
2019/10/21, 33, 29, , 3
2019/10/22, 29, 18, , 2
2019/10/23, 16, 28, , 2
2019/10/24, 16, 25, , 2
2019/10/25, 27, 21, , 4
2019/10/26, 42, 27, , 2
2019/10/27, 27, 26, , 2
2019/10/28, 14, 20, , 2
2019/10/29, 13, 16, , 2
2019/10/30, 11, 17, , 2
2019/10/31, 14, 23, , 2
2019/11/1, 21, 24, , 1
2019/11/2, 16, 19, , 2
2019/11/3, 17, 22, , 2
2019/11/4, 27, 24, , 2
2019/11/5, 24, 18, , 3
2019/11/6, 37, 23, , 2
2019/11/7, 27, 14, , 3
2019/11/8, 33, 20, , 1
2019/11/9, 15, 15, , 2
2019/11/10, 14, 14, , 3
2019/11/11, 35, 17, , 5
2019/11/12, 61, 22, , 2
2019/11/13, 26, 23, , 1
2019/11/14, 16, 16, , 3
2019/11/15, 26, 14, , 4
2019/11/16, 38, 23, , 2
2019/11/17, 16, 23, , 2
2019/11/18, 15, 18, , 2
2019/11/19, 15, 15, , 3
2019/11/20, 24, 19, , 4
2019/11/21, 32, 20, , 5
2019/11/22, 35, 19, , 5
2019/11/23, 37, 18, , 4
2019/11/24, 19, 17, , 3
2019/11/25, 24, 12, , 4
2019/11/26, 50, 9, , 5
2019/11/27, 54, 16, , 7
2019/11/28, 52, 17, , 1
2019/11/29, 16, 20, , 1
2019/11/30, 14, 21, , 2
2019/12/1, 20, 18, , 2
2019/12/2, 22, 23, , 2
2019/12/3, 19, 26, , 2
2019/12/4, 20, 10, , 3
2019/12/5, 41, 23, , 2
2019/12/6, 30, 19, , 2
2019/12/7, 31, 21, , 1
2019/12/8, 27, 22, , 3
2019/12/9, 28, 11, , 6
2019/12/10, 33, 17, , 4
2019/12/11, 41, 18, , 3
2019/12/12, 26, 20, , 2
2019/12/13, 33, 6, , 6
2019/12/14, 37, 19, , 4
2019/12/15, 23, 22, , 2
2019/12/16, 34, 19, , 2
2019/12/17, 34, 12, , 3
2019/12/18, 26, 23, , 2
2019/12/19, 33, 23, , 2
2019/12/20, 34, 19, , 2
2019/12/21, 36, 14, , 5
2019/12/22, 47, 7, , 10
2019/12/23, 63, 7, , 10
2019/12/24, 60, 18, , 4
2019/12/25, 40, 12, , 6
2019/12/26, 50, 12, , 6
2019/12/27, 62, 11, , 4
2019/12/28, 44, 17, , 3
2019/12/29, 46, 10, , 4
2019/12/30, 49, , , 
2019/7/2, 33, 49, , 2
2019/7/3, 32, 57, , 2
2019/7/4, 43, 54, , 4
2019/7/5, 63, 44, 5, 2
2019/7/6, 36, 41, , 2
2019/7/7, 43, 28, , 2
2019/7/8, 32, 24, 3, 2
2019/7/9, 55, 46, 3, 3
2019/7/10, 33, 54, , 3
2019/7/11, 53, 36, , 2
2019/7/12, 39, 34, , 2
2019/7/13, 28, 38, 6, 2
2019/7/14, 42, 39, 7, 2
2019/7/15, 56, 33, 8, 2
2019/7/16, 3, 58, 18, 3
2019/7/17, 29, 65, 17, 2
2019/7/18, 47, 23, 13, 2
2019/7/19, 8, 53, 14, 2
2019/7/20, 27, 41, 7, 2
2019/7/21, 39, 37, 6, 2
2019/7/22, 34, 43, 13, 2
2019/7/23, 16, 21, 9, 2
2019/7/24, 4, 30, 10, 2
2019/7/25, 13, 39, 13, 2
2019/7/26, 25, 55, 17, 3
2019/7/27, 34, 53, 17, 2
2019/7/28, 39, 47, 8, 2
2019/7/29, 43, 54, 12, 2
2019/7/30, 56, 57, 16, 3
2019/7/31, 93, 55, 23, 3
2019/8/1, 39, 45, 13, 2
2019/8/2, 18, 44, , 3
2019/8/3, 29, 44, , 2
2019/8/4, 21, 41, , 2
2019/8/5, 19, 40, , 2
2019/8/6, 24, 36, , 3
2019/8/7, 42, 35, , 2
2019/8/8, 36, 44, , 2
2019/8/9, 30, 34, , 2
2019/8/10, 25, 26, , 2
2019/8/11, 12, 23, , 2
2019/8/12, 17, 37, , 3
2019/8/13, 24, 36, , 3
2019/8/14, 34, 40, , 3
2019/8/15, 45, 40, , 3
2019/8/16, 33, 34, , 276
2019/8/17, 22, 39, , 500
2019/8/18, 18, 44, 14, 500
2019/8/19, 37, 45, 23, 197
2019/8/20, 33, 44, 17, 2
2019/8/21, 30, 44, 16, 2
2019/8/22, 48, 42, 11, 2
2019/8/23, 31, 23, 10, 2
2019/8/24, 18, 24, 5, 1
2019/8/25, 8, 24, , 1
2019/8/26, 4, 33, , 1
2019/8/27, 9, 27, , 2
2019/8/28, 11, 19, , 2
2019/8/29, 12, 32, , 1
2019/8/30, 12, 44, 11, 2
2019/8/31, 33, 36, 7, 1
2019/9/1, 17, 31, 6, 2
2019/9/2, 12, 26, 8, 1
2019/9/3, 16, 39, 10, 2
2019/9/4, 21, 40, 12, 2
2019/9/5, 33, 29, 8, 2
2019/9/6, 9, 22, 10, 2
2019/9/7, 9, 27, 5, 1
2019/9/8, 13, 27, , 2
2019/9/9, 28, 30, , 2
2019/9/10, 20, 23, , 2
2019/9/11, 19, 43, 14, 2
2019/9/12, 37, 29, 11, 2
2019/9/13, 38, 22, 8, 2
2019/9/14, 8, 25, 13, 2
2019/9/15, 22, 35, 10, 2
2019/9/16, 21, 28, 18, 3
2019/9/17, 30, 30, , 1
2019/9/18, 12, 23, , 2
2019/9/19, 12, 28, , 2
2019/9/20, 24, 44, , 2
2019/9/21, 30, 57, , 3
2019/9/22, 45, 50, , 3
2019/9/23, 33, 55, , 2
2019/9/24, 37, 26, , 1
2019/9/25, 9, 31, , 2
2019/9/26, 16, 33, 12, 3
2019/9/27, 27, 29, 15, 2
2019/9/28, 17, 35, 14, 2
2019/9/29, 25, 27, 9, 1
2019/9/30, 17, 23, 8, 1
2019/10/1, 10, 34, 15, 2
2019/4/2, 10, 33, 106, 3
2019/4/3, 14, 41, 65, 2
2019/4/4, 15, 37, 119, 2
2019/4/5, 9, 28, 36, 3
2019/4/6, 10, 37, 57, 3
2019/4/7, 28, 39, , 4
2019/4/8, 28, 25, 4, 3
2019/4/9, 57, 18, , 4
2019/4/10, 55, 27, 40, 2
2019/4/11, 46, 205, 103, 2
2019/4/12, 12, 146, , 3
2019/4/13, 37, 151, , 3
2019/4/14, 42, 23, , 3
2019/4/15, 89, 32, 99, 2
2019/4/16, 39, 39, 118, 2
2019/4/17, 13, 208, 103, 2
2019/4/18, 36, 31, 63, 3
2019/4/19, 35, 28, , 2
2019/4/20, 36, 89, , 1
2019/4/21, 28, 28, , 2
2019/4/22, 42, 82, 59, 3
2019/4/23, 19, 34, 71, 3
2019/4/24, 36, 30, 2, 2
2019/4/25, 29, 23, 140, 3
2019/4/26, 14, 23, 1, 2
2019/4/27, 85, 35, 85, 2
2019/4/28, 57, 25, 48, 2
2019/4/29, 28, 29, 87, 2
2019/4/30, 22, 21, 129, 4
2019/5/1, 58, 25, 127, 3
2019/5/2, 21, 86, 45, 3
2019/5/3, 29, 82, 117, 3
2019/5/4, 26, 23, , 5
2019/5/5, 26, 24, 126, 2
2019/5/6, 80, 30, 56, 2
2019/5/7, 13, 33, 51, 3
2019/5/8, 57, 90, 107, 2
2019/5/9, 25, 28, 84, 2
2019/5/10, 35, 26, 113, 3
2019/5/11, 39, 33, 115, 2
2019/5/12, 15, 27, 136, 2
2019/5/13, 23, 24, 96, 2
2019/5/14, 7, 12, 127, 3
2019/5/15, 22, 28, 3, 2
2019/5/16, 17, 38, 87, 3
2019/5/17, 47, 37, , 3
2019/5/18, 47, 97, 112, 2
2019/5/19, 50, 38, 120, 2
2019/5/20, 37, 39, , 2
2019/5/21, 40, 27, 81, 1
2019/5/22, 16, 34, 82, 2
2019/5/23, 12, 28, 117, 2
2019/5/24, 44, 30, 113, 2
2019/5/25, 33, 90, 116, 2
2019/5/26, 11, 37, 71, 2
2019/5/27, 58, 89, 46, 2
2019/5/28, 16, 26, , 3
2019/5/29, 50, 79, 1, 2
2019/5/30, 52, 24, 4, 3
2019/5/31, 14, 37, 7, 2
2019/6/1, 44, 42, , 3
2019/6/2, 48, 45, , 3
2019/6/3, 41, 29, 114, 2
2019/6/4, 13, 33, 39, 1
2019/6/5, 52, 43, 68, 2
2019/6/6, 49, 42, , 2
2019/6/7, 25, 42, , 3
2019/6/8, 62, 37, 123, 3
2019/6/9, 29, 94, 47, 1
2019/6/10, 50, 262, 80, 2
2019/6/11, 36, 28, , 1
2019/6/12, 31, 19, , 1
2019/6/13, 4, 28, 120, 2
2019/6/14, 7, 28, , 2
2019/6/15, 19, 44, 125, 2
2019/6/16, 40, 39, , 2
2019/6/17, 53, 24, 4, 3
2019/6/18, 45, 89, , 3
2019/6/19, 36, 23, , 2
2019/6/20, 13, 17, , 3
2019/6/21, 49, , 3, 1
2019/6/22, 26, , 1, 1
2019/6/23, 7, , 2, 1
2019/6/24, 25, , 6, 2
2019/6/25, 66, , , 2
2019/6/26, 54, 45, 4, 2
2019/6/27, 33, 49, 119, 2
2019/6/28, 25, 192, , 2
2019/6/29, 40, 104, , 2
2019/6/30, 55, 30, 41, 1
2019/7/1, 27, 33, , 2
2019/1/2, 39, 16, , 3
2019/1/3, 41, 24, , 3
2019/1/4, 41, 15, , 4
2019/1/5, 51, 23, , 4
2019/1/6, 41, 26, , 2
2019/1/7, 43, 22, , 2
2019/1/8, 32, 19, , 6
2019/1/9, 47, 24, , 2
2019/1/10, 24, 22, , 1
2019/1/11, 28, 25, , 2
2019/1/12, 32, 21, , 2
2019/1/13, 31, 21, , 2
2019/1/14, 36, 20, , 2
2019/1/15, 37, 16, , 4
2019/1/16, 50, 14, , 4
2019/1/17, 49, 21, , 3
2019/1/18, 34, 9, , 5
2019/1/19, 50, 16, , 3
2019/1/20, 39, 24, , 3
2019/1/21, 29, 27, , 2
2019/1/22, 33, 23, , 3
2019/1/23, 35, 14, , 4
2019/1/24, 40, 21, , 3
2019/1/25, 31, 25, , 2
2019/1/26, 37, 23, , 3
2019/1/27, 38, 25, , 4
2019/1/28, 42, 24, , 3
2019/1/29, 40, 15, , 7
2019/1/30, 48, 26, , 2
2019/1/31, 41, 21, , 3
2019/2/1, 36, 18, , 3
2019/2/2, 39, 16, , 4
2019/2/3, 53, 18, , 5
2019/2/4, 65, 12, , 6
2019/2/5, 62, 9, , 6
2019/2/6, 63, 12, 52, 3
2019/2/7, 50, 13, 97, 3
2019/2/8, 31, 25, , 3
2019/2/9, 21, 86, 53, 2
2019/2/10, 34, 142, 18, 2
2019/2/11, 49, 15, , 3
2019/2/12, 49, 83, 53, 2
2019/2/13, 37, 22, , 2
2019/2/14, 84, 28, , 3
2019/2/15, 31, 19, 175, 6
2019/2/16, 45, 27, 23, 2
2019/2/17, 39, 83, 44, 2
2019/2/18, 35, 28, 5, 3
2019/2/19, 84, 205, 63, 2
2019/2/20, 43, 82, 132, 3
2019/2/21, 18, 145, , 4
2019/2/22, 82, 31, , 2
2019/2/23, 28, 82, , 3
2019/2/24, 65, 265, 42, 2
2019/2/25, 66, 32, 120, 2
2019/2/26, 21, 29, 101, 2
2019/2/27, 41, 23, 5, 3
2019/2/28, 73, 84, 45, 2
2019/3/1, 41, 83, 35, 3
2019/3/2, 49, 84, 75, 3
2019/3/3, 42, 30, , 4
2019/3/4, 28, 34, 30, 3
2019/3/5, 38, 86, 64, 2
2019/3/6, 39, 89, 124, 2
2019/3/7, 21, 26, 45, 3
2019/3/8, 43, 23, , 4
2019/3/9, 34, 28, , 4
2019/3/10, 43, 31, 4, 3
2019/3/11, 17, 93, 94, 2
2019/3/12, 25, 91, 74, 2
2019/3/13, 44, 21, 6, 5
2019/3/14, 60, 91, 133, 3
2019/3/15, 86, 28, 141, 4
2019/3/16, 53, 33, 121, 2
2019/3/17, 14, 32, 109, 2
2019/3/18, 99, 31, 91, 3
2019/3/19, 48, 31, 35, 3
2019/3/20, 40, 34, 5, 4
2019/3/21, 56, 30, 2, 3
2019/3/22, 46, 33, 48, 2
2019/3/23, 67, 33, 112, 2
2019/3/24, 23, 95, 130, 2
2019/3/25, 17, 91, 102, 3
2019/3/26, 57, 32, 113, 2
2019/3/27, 47, 30, 65, 2
2019/3/28, 11, 29, 42, 2
2019/3/29, 70, 17, , 5
2019/3/30, 39, 37, 6, 5
2019/3/31, 43, 89, 120, 3
2019/4/1, 28, 31, 76, 2
2018/10/2, 48, 9, , 2
2018/10/3, 39, , , 1
2018/10/4, 19, , , 3
2018/10/5, 46, , , 1
2018/10/6, 20, 16, , 1
2018/10/7, 25, 20, , 2
2018/10/8, 41, 9, , 2
2018/10/9, 25, 9, , 3
2018/10/10, 34, 19, , 2
2018/10/11, 31, 14, , 2
2018/10/12, 19, 35, , 1
2018/10/13, 16, 18, , 1
2018/10/14, 14, 19, , 2
2018/10/15, 24, 15, , 2
2018/10/16, 33, 31, , 1
2018/10/17, 16, 23, , 1
2018/10/18, 27, 24, , 1
2018/10/19, 16, 23, , 2
2018/10/20, 22, 40, , 2
2018/10/21, 23, 34, , 1
2018/10/22, 24, 16, , 2
2018/10/23, 25, 28, , 2
2018/10/24, 32, 22, , 1
2018/10/25, 22, 21, , 1
2018/10/26, 17, 17, , 2
2018/10/27, 27, 30, , 2
2018/10/28, 15, 21, , 2
2018/10/29, 21, 26, , 2
2018/10/30, 30, 24, , 1
2018/10/31, 25, 28, , 4
2018/11/1, 45, 24, , 3
2018/11/2, 58, 22, , 2
2018/11/3, 38, 29, , 1
2018/11/4, 23, 21, , 3
2018/11/5, 28, 21, , 4
2018/11/6, 27, 8, , 4
2018/11/7, 28, 19, , 2
2018/11/8, 30, 19, , 2
2018/11/9, 32, 16, , 4
2018/11/10, 26, 23, , 1
2018/11/11, 25, 21, , 2
2018/11/12, 31, 14, , 5
2018/11/13, 50, 24, , 3
2018/11/14, 36, 24, , 1
2018/11/15, 26, 19, , 3
2018/11/16, 23, 27, , 2
2018/11/17, 31, 16, , 2
2018/11/18, 43, 18, , 2
2018/11/19, 29, 15, , 6
2018/11/20, 56, 22, , 3
2018/11/21, 41, 19, , 2
2018/11/22, 34, 23, , 1
2018/11/23, 26, 13, , 3
2018/11/24, 30, 25, , 5
2018/11/25, 37, 28, , 2
2018/11/26, 40, 25, , 6
2018/11/27, 40, 25, , 2
2018/11/28, 22, 16, , 1
2018/11/29, 21, 20, , 1
2018/11/30, 26, 9, , 4
2018/12/1, 44, 20, , 4
2018/12/2, 45, 19, , 9
2018/12/3, 42, 24, , 3
2018/12/4, 32, 22, , 2
2018/12/5, 27, 18, , 3
2018/12/6, 32, 14, , 3
2018/12/7, 42, 19, , 2
2018/12/8, 38, 15, , 3
2018/12/9, 41, 10, , 3
2018/12/10, 39, 19, , 3
2018/12/11, 45, 10, , 5
2018/12/12, 53, 14, , 2
2018/12/13, 55, 16, , 4
2018/12/14, 49, 25, , 6
2018/12/15, 46, 15, , 6
2018/12/16, 54, 31, , 2
2018/12/17, 36, 33, , 2
2018/12/18, 34, 24, , 2
2018/12/19, 36, 15, , 3
2018/12/20, 47, 12, , 4
2018/12/21, 57, 27, , 2
2018/12/22, 33, 22, , 2
2018/12/23, 45, 22, , 2
2018/12/24, 43, 21, , 3
2018/12/25, 48, 19, , 2
2018/12/26, 38, 16, , 3
2018/12/27, 47, 12, , 4
2018/12/28, 51, 25, , 3
2018/12/29, 43, 24, , 2
2018/12/30, 40, 17, , 4
2018/12/31, 46, , , 
2018/7/2, 72, 88, , 3
2018/7/3, 85, 52, , 3
2018/7/4, 80, 43, , 2
2018/7/5, 61, 22, , 1
2018/7/6, 28, 23, , 1
2018/7/7, 25, 33, , 1
2018/7/8, 12, 42, , 1
2018/7/9, 20, 68, , 2
2018/7/10, 32, 70, , 2
2018/7/11, 42, 39, , 1
2018/7/12, 43, 47, , 2
2018/7/13, 35, 51, , 2
2018/7/14, 40, 47, , 1
2018/7/15, 38, 42, , 2
2018/7/16, 27, 67, , 2
2018/7/17, 53, 45, , 2
2018/7/18, 45, 26, , 1
2018/7/19, 22, 46, , 1
2018/7/20, 25, 41, , 1
2018/7/21, 33, 31, , 1
2018/7/22, 22, 25, , 1
2018/7/23, 30, 21, , 1
2018/7/24, 51, 17, , 
2018/7/25, 29, 19, , 1
2018/7/26, 18, 39, , 1
2018/7/27, 23, 43, , 2
2018/7/28, 50, 64, , 3
2018/7/29, 45, 32, , 1
2018/7/30, 23, 33, , 2
2018/7/31, 34, 39, , 2
2018/8/1, 32, 32, , 1
2018/8/2, 29, 33, , 1
2018/8/3, 24, 17, , 1
2018/8/4, 29, 32, , 1
2018/8/5, 16, 48, , 3
2018/8/6, 43, 68, , 2
2018/8/7, 67, 53, , 3
2018/8/8, 59, 63, , 3
2018/8/9, 58, 38, , 1
2018/8/10, 43, 47, , 2
2018/8/11, 72, 37, , 2
2018/8/12, 61, 39, , 2
2018/8/13, 52, 26, , 2
2018/8/14, 44, 36, , 3
2018/8/15, 61, 39, , 2
2018/8/16, 72, 57, , 2
2018/8/17, 104, 66, , 3
2018/8/18, 126, 40, , 2
2018/8/19, 30, , , 
2018/8/20, 18, , , 
2018/8/21, 19, , , 1
2018/8/22, 19, 35, , 1
2018/8/23, 26, 24, , 2
2018/8/24, 35, 48, , 2
2018/8/25, 51, 41, , 2
2018/8/26, 34, 46, , 2
2018/8/27, 41, 54, , 3
2018/8/28, 68, 47, , 3
2018/8/29, 88, 45, , 2
2018/8/30, 86, 38, , 1
2018/8/31, 31, 20, , 2
2018/9/1, 18, 34, , 2
2018/9/2, 25, 31, , 2
2018/9/3, 34, 46, , 2
2018/9/4, 45, 43, , 1
2018/9/5, 28, 42, , 2
2018/9/6, 48, 51, , 2
2018/9/7, 51, 22, , 2
2018/9/8, 27, 19, , 1
2018/9/9, 20, 14, , 2
2018/9/10, 16, 19, , 1
2018/9/11, 10, 13, , 3
2018/9/12, 34, 8, , 4
2018/9/13, 27, 19, , 2
2018/9/14, 12, 22, , 2
2018/9/15, 15, 34, , 3
2018/9/16, 27, 40, , 3
2018/9/17, 35, 20, , 2
2018/9/18, 23, 18, , 1
2018/9/19, 20, 28, , 1
2018/9/20, 34, 18, , 1
2018/9/21, 15, 19, , 1
2018/9/22, 16, 20, , 1
2018/9/23, 22, 19, , 2
2018/9/24, 11, 22, , 2
2018/9/25, 21, 21, , 1
2018/9/26, 16, 17, , 2
2018/9/27, 29, 27, , 1
2018/9/28, 15, 18, , 1
2018/9/29, 16, 27, , 2
2018/9/30, 25, 28, , 2
2018/10/1, 22, 26, , 2
2018/4/2, 23, 32, , 3
2018/4/3, 25, 24, , 3
2018/4/4, 20, 34, , 4
2018/4/5, 28, 34, , 1
2018/4/6, 18, 33, , 4
2018/4/7, 36, 35, , 2
2018/4/8, 16, 32, , 2
2018/4/9, 21, 30, , 2
2018/4/10, 23, 31, , 2
2018/4/11, 33, 30, , 3
2018/4/12, 37, 33, , 4
2018/4/13, 55, 46, , 2
2018/4/14, 62, 44, , 3
2018/4/15, 57, 34, , 
2018/4/16, 40, 36, , 2
2018/4/17, 28, 25, , 2
2018/4/18, 11, 28, , 2
2018/4/19, 19, 30, , 2
2018/4/20, 24, 28, , 1
2018/4/21, 20, 38, , 2
2018/4/22, 16, 42, , 2
2018/4/23, 19, 41, , 4
2018/4/24, 42, 42, , 3
2018/4/25, 27, 30, , 3
2018/4/26, 23, 38, , 2
2018/4/27, 20, 25, , 2
2018/4/28, 20, 40, , 2
2018/4/29, 34, 28, , 1
2018/4/30, 17, 28, , 1
2018/5/1, 18, 46, , 2
2018/5/2, 35, 56, , 2
2018/5/3, 46, 50, , 2
2018/5/4, 60, 44, , 2
2018/5/5, 51, 44, , 1
2018/5/6, 20, 39, , 2
2018/5/7, 33, 41, , 2
2018/5/8, 33, 43, , 2
2018/5/9, 30, 40, , 2
2018/5/10, 33, 27, , 2
2018/5/11, 22, 26, , 2
2018/5/12, 22, 26, , 2
2018/5/13, 24, 24, , 2
2018/5/14, 13, 22, , 3
2018/5/15, 30, 54, , 3
2018/5/16, 49, 24, , 2
2018/5/17, 26, 20, , 4
2018/5/18, 33, 29, , 2
2018/5/19, 22, 25, , 2
2018/5/20, 15, 28, , 2
2018/5/21, 24, 41, , 2
2018/5/22, 23, 25, , 3
2018/5/23, 36, 33, , 2
2018/5/24, 28, 52, , 2
2018/5/25, 31, 50, , 2
2018/5/26, 46, 52, , 2
2018/5/27, 57, 38, , 2
2018/5/28, 32, 20, , 2
2018/5/29, 21, 62, , 3
2018/5/30, 49, 29, , 2
2018/5/31, 27, 20, , 2
2018/6/1, 31, 20, , 3
2018/6/2, 41, 40, , 2
2018/6/3, 32, 20, , 1
2018/6/4, 10, 27, , 1
2018/6/5, 15, 34, , 2
2018/6/6, 20, 26, , 1
2018/6/7, 19, 25, , 2
2018/6/8, 19, 40, , 2
2018/6/9, 39, 44, , 2
2018/6/10, 38, 27, , 2
2018/6/11, 28, 35, , 1
2018/6/12, 21, 31, , 1
2018/6/13, 18, 26, , 1
2018/6/14, 29, 37, , 1
2018/6/15, 18, 27, , 1
2018/6/16, 12, 37, , 2
2018/6/17, 30, 64, , 2
2018/6/18, 44, 72, , 3
2018/6/19, 58, 33, , 1
2018/6/20, 27, 48, , 2
2018/6/21, 25, 39, , 2
2018/6/22, 29, 36, , 1
2018/6/23, 25, 26, , 1
2018/6/24, 20, 38, , 2
2018/6/25, 43, 28, , 1
2018/6/26, 17, 29, , 1
2018/6/27, 24, 28, , 1
2018/6/28, 18, 38, , 2
2018/6/29, 32, 44, , 1
2018/6/30, 31, 72, , 2
2018/7/1, 47, 80, , 3
2018/1/2, 37, 18, , 
2018/1/3, 43, 7, , 
2018/1/4, 56, 20, , 
2018/1/5, 37, 25, , 
2018/1/6, 37, 23, , 
2018/1/7, 37, 21, , 
2018/1/8, 42, 6, , 
2018/1/9, 53, 20, , 
2018/1/10, 53, 9, , 
2018/1/11, 48, 1, , 
2018/1/12, 54, 12, , 
2018/1/13, 35, 22, , 
2018/1/14, 18, 23, , 
2018/1/17, 57, 10, , 
2018/1/18, 52, 20, , 
2018/1/19, 47, 12, , 
2018/1/20, 56, 23, , 
2018/1/21, 47, 25, , 
2018/1/22, 59, 15, , 
2018/1/23, 67, 17, , 
2018/1/24, 32, 21, , 
2018/1/25, 28, 24, , 
2018/1/26, 29, 18, , 
2018/1/27, 36, 22, , 
2018/1/28, 40, 16, 14, 
2018/1/29, 40, 18, 13, 
2018/1/30, 38, 18, 14, 1
2018/1/31, 32, 20, 19, 2
2018/2/1, 28, 10, 28, 4
2018/2/2, 50, 23, 17, 2
2018/2/3, 32, 20, 13, 2
2018/2/4, 35, 14, , 5
2018/2/5, 36, 25, , 2
2018/2/6, 30, 10, , 4
2018/2/7, 47, 14, , 4
2018/2/8, 38, 26, , 2
2018/2/9, 40, 17, , 3
2018/2/10, 60, 4, , 8
2018/2/11, 57, 2, , 9
2018/2/12, 49, 25, , 2
2018/2/13, 33, 24, , 2
2018/2/14, 30, 14, , 3
2018/2/15, 43, 1, , 5
2018/2/16, 54, 25, , 4
2018/2/17, 30, 27, , 5
2018/2/18, 27, 27, , 5
2018/2/19, 40, 18, , 6
2018/2/20, 43, 8, , 7
2018/2/21, 52, 18, , 5
2018/2/22, 44, 20, , 4
2018/2/23, 20, 14, , 4
2018/2/24, 24, 11, , 3
2018/2/25, 30, 15, , 3
2018/2/26, 28, 21, , 3
2018/2/27, 29, 25, , 3
2018/2/28, 26, 18, , 3
2018/3/1, 33, 24, , 4
2018/3/2, 47, 27, , 2
2018/3/3, 20, 26, , 2
2018/3/4, 23, 25, , 1
2018/3/5, 16, 23, , 2
2018/3/6, 17, 27, , 2
2018/3/7, 23, 24, , 2
2018/3/8, 15, 22, , 2
2018/3/9, 21, 22, , 2
2018/3/10, 22, 29, , 2
2018/3/11, 19, 31, , 2
2018/3/12, 20, 24, , 3
2018/3/13, 19, 28, , 2
2018/3/14, 18, 25, , 1
2018/3/15, 19, 31, , 2
2018/3/16, 31, 26, , 2
2018/3/17, 31, 33, , 2
2018/3/18, 23, 31, , 2
2018/3/19, 20, 32, , 3
2018/3/20, 25, 19, , 3
2018/3/21, 25, 26, , 2
2018/3/22, 25, 31, , 2
2018/3/23, 25, 28, , 2
2018/3/24, 22, 33, , 2
2018/3/25, 17, 29, , 2
2018/3/26, 21, 31, , 3
2018/3/27, 25, 22, , 3
2018/3/28, 26, 15, , 3
2018/3/29, 42, 11, , 5
2018/3/30, 50, 25, , 5
2018/3/31, 43, 31, , 2
2018/4/1, 16, 30, , 2
2017/10/2, 19, 34, , 1
2017/10/3, 27, 24, , 2
2017/10/4, 28, 32, , 1
2017/10/5, 36, 36, , 1
2017/10/6, 45, 34, , 3
2017/10/7, 45, 29, , 2
2017/10/8, 38, 16, , 1
2017/10/9, 24, 13, , 1
2017/10/10, 26, 26, , 2
2017/10/11, 26, 26, , 2
2017/10/12, 42, 25, , 1
2017/10/13, 24, 24, , 2
2017/10/14, 23, 20, , 2
2017/10/15, 19, 22, , 1
2017/10/16, 27, 21, , 
2017/10/17, 14, 18, , 2
2017/10/18, 24, 19, , 2
2017/10/19, 43, 25, , 2
2017/10/20, 42, 29, , 1
2017/10/21, 30, 25, , 3
2017/10/22, 38, 36, , 3
2017/10/23, 45, 30, , 2
2017/10/24, 25, 27, , 1
2017/10/25, 36, 20, , 2
2017/10/26, 27, 23, , 1
2017/10/27, 25, 23, , 2
2017/10/28, 30, 38, , 1
2017/10/29, 29, 31, , 1
2017/10/30, 13, 23, , 2
2017/10/31, 26, 20, , 1
2017/11/1, 34, 8, , 5
2017/11/2, 40, 21, , 3
2017/11/3, 45, 21, , 1
2017/11/4, 33, 20, , 1
2017/11/5, 24, 16, , 2
2017/11/6, 28, 14, , 1
2017/11/7, 36, 13, , 2
2017/11/8, 25, 9, , 
2017/11/9, 28, 17, , 
2017/11/10, 34, 25, , 
2017/11/11, 26, 23, , 
2017/11/12, 24, 17, , 
2017/11/13, 43, 12, , 
2017/11/14, 48, 17, , 
2017/11/15, 36, 16, , 
2017/11/16, 45, 20, , 
2017/11/17, 26, 23, , 
2017/11/18, 25, 14, , 
2017/11/19, 35, 24, , 
2017/11/20, 30, 22, , 
2017/11/21, 32, 19, , 
2017/11/22, 44, 18, , 
2017/11/23, 38, 22, , 
2017/11/24, 30, 9, , 
2017/11/25, 44, 16, , 
2017/11/26, 51, 19, , 
2017/11/27, 29, 21, , 
2017/11/28, 38, 23, , 
2017/11/29, 38, 23, , 
2017/11/30, 41, 11, , 
2017/12/1, 35, 12, , 
2017/12/2, 41, 10, , 
2017/12/3, 38, 5, , 
2017/12/4, 50, 12, , 
2017/12/5, 59, 20, , 
2017/12/6, 39, 20, , 
2017/12/7, 29, 19, , 
2017/12/8, 36, 13, , 
2017/12/9, 38, 11, , 
2017/12/10, 43, 14, , 
2017/12/11, 48, 13, , 
2017/12/12, 44, 18, , 
2017/12/13, 40, 25, , 
2017/12/14, 27, 21, , 
2017/12/15, 41, 15, , 
2017/12/16, 40, 12, , 
2017/12/17, 50, 18, , 
2017/12/18, 42, 5, , 
2017/12/19, 56, 13, , 
2017/12/20, 46, 23, , 
2017/12/21, 37, 18, , 
2017/12/22, 32, 7, , 
2017/12/23, 49, 4, , 
2017/12/24, 43, 19, , 
2017/12/25, 35, 23, , 
2017/12/26, 39, 24, , 
2017/12/27, 37, 22, , 
2017/12/28, 42, 23, , 
2017/12/29, 34, 20, , 
2017/12/30, 37, 10, , 
2017/12/31, 51, 23, , 
2018/1/1, 41, 25, , 
2017/7/2, 22, 42, , 
2017/7/3, 19, 44, , 1
2017/7/4, 34, 44, , 2
2017/7/5, 37, 43, , 1
2017/7/6, 44, 23, , 1
2017/7/7, 15, 32, , 2
2017/7/8, 14, 44, , 1
2017/7/9, 29, 31, , 1
2017/7/10, 21, 43, , 1
2017/7/11, 35, 45, , 3
2017/7/12, 38, 45, , 1
2017/7/13, 48, 45, , 1
2017/7/14, 52, 15, , 1
2017/7/15, 16, 32, , 1
2017/7/16, 11, 51, , 1
2017/7/17, 17, 39, , 1
2017/7/18, 31, 39, , 1
2017/7/19, 22, 48, , 2
2017/7/20, 39, 54, , 2
2017/7/21, 45, 39, , 1
2017/7/22, 30, 72, , 1
2017/7/23, 45, 47, , 1
2017/7/24, 47, 20, , 
2017/7/25, 13, 17, , 1
2017/7/26, 13, 34, , 1
2017/7/27, 13, 22, , 2
2017/7/28, 29, 49, , 2
2017/7/29, 41, 21, , 
2017/7/30, 17, 31, , 1
2017/7/31, 21, 45, , 2
2017/8/1, 37, 71, , 2
2017/8/2, 53, 29, , 3
2017/8/3, 76, 46, , 3
2017/8/4, 39, 26, , 1
2017/8/5, 19, 30, , 1
2017/8/6, 16, 24, , 1
2017/8/7, 16, 21, , 2
2017/8/8, 27, 34, , 1
2017/8/9, 22, 57, , 1
2017/8/10, 39, 46, , 2
2017/8/11, 44, 40, , 1
2017/8/12, 19, 33, , 1
2017/8/13, 26, 37, , 2
2017/8/14, 26, 55, , 2
2017/8/15, 34, 95, , 2
2017/8/16, 47, , , 2
2017/8/17, 36, 30, , 1
2017/8/18, 34, 26, , 2
2017/8/19, 33, 40, , 2
2017/8/20, 35, 28, , 2
2017/8/21, 35, 45, , 3
2017/8/22, 54, 41, , 1
2017/8/23, 49, 29, , 2
2017/8/24, 14, 33, , 1
2017/8/25, 27, 26, , 1
2017/8/26, 20, 33, , 2
2017/8/27, 22, 36, , 1
2017/8/28, 34, 31, , 1
2017/8/29, 29, 15, , 1
2017/8/30, 15, 35, , 1
2017/8/31, 26, 35, , 1
2017/9/1, 43, 26, , 
2017/9/2, 14, 26, , 
2017/9/3, 16, 25, , 
2017/9/4, 12, 41, , 1
2017/9/5, 46, 38, , 2
2017/9/6, 60, , , 
2017/9/10, 12, 22, , 
2017/9/11, 16, 31, , 2
2017/9/12, 19, 29, , 2
2017/9/13, 30, 35, , 2
2017/9/14, 41, 29, , 2
2017/9/15, 41, 37, , 3
2017/9/16, 41, 48, , 3
2017/9/17, 55, 49, , 2
2017/9/18, 50, 24, , 1
2017/9/19, 18, 18, , 
2017/9/20, 34, 20, , 1
2017/9/21, 21, 23, , 1
2017/9/22, 36, 31, , 
2017/9/23, 22, 39, , 2
2017/9/24, 27, 47, , 3
2017/9/25, 51, 43, , 3
2017/9/26, 48, 37, , 2
2017/9/27, 26, 13, , 2
2017/9/28, 19, 22, , 
2017/9/29, 9, 27, , 2
2017/9/30, 16, 21, , 1
2017/10/1, 25, 31, , 2
2017/4/2, 13, 32, , 1
2017/4/3, 20, 36, , 2
2017/4/4, 32, 30, , 2
2017/4/5, 20, 30, , 3
2017/4/6, 31, 27, , 2
2017/4/7, 18, 10, , 
2017/4/8, 19, , , 
2017/4/11, 53, 35, , 5
2017/4/12, 56, 38, , 4
2017/4/13, 48, 31, , 1
2017/4/14, 11, 36, , 1
2017/4/15, 14, 33, , 2
2017/4/16, 23, 43, , 1
2017/4/17, 36, 33, , 1
2017/4/18, 16, 33, , 
2017/4/19, 16, 28, , 1
2017/4/20, 18, 24, , 3
2017/4/21, 32, 29, , 1
2017/4/22, 13, 23, , 1
2017/4/23, 17, 30, , 2
2017/4/24, 13, 17, , 4
2017/4/25, 27, 28, , 
2017/4/26, 9, 21, , 2
2017/4/27, 23, 31, , 2
2017/4/28, 31, 42, , 2
2017/4/29, 48, 37, , 
2017/4/30, 24, 31, , 
2017/5/1, 13, 22, , 2
2017/5/2, 28, 39, , 1
2017/5/3, 23, 36, , 
2017/5/4, 15, 34, , 1
2017/5/5, 15, 27, , 2
2017/5/6, 15, 30, , 1
2017/5/7, 21, 24, , 
2017/5/8, 9, 28, , 1
2017/5/9, 13, 34, , 1
2017/5/10, 21, 29, , 1
2017/5/11, 22, 30, , 1
2017/5/12, 18, 29, , 1
2017/5/13, 15, 27, , 1
2017/5/14, 8, 36, , 1
2017/5/15, 15, 28, , 
2017/5/16, 17, 34, , 3
2017/5/17, 19, 60, , 2
2017/5/18, 54, 65, , 2
2017/5/19, 58, 48, , 1
2017/5/20, 41, 29, , 1
2017/5/21, 14, 30, , 1
2017/5/22, 12, 20, , 1
2017/5/23, 15, 34, , 2
2017/5/24, 18, 35, , 1
2017/5/25, 22, 32, , 
2017/5/26, 3, 31, , 1
2017/5/27, 10, 23, , 2
2017/5/28, 16, 34, , 1
2017/5/29, 20, 25, , 1
2017/5/30, 11, 22, , 1
2017/5/31, 11, 30, , 2
2017/6/1, 19, 44, , 2
2017/6/2, 20, 37, , 1
2017/6/3, 17, 29, , 1
2017/6/4, 17, 30, , 1
2017/6/5, 19, 25, , 2
2017/6/6, 34, 16, , 1
2017/6/7, 6, 32, , 2
2017/6/8, 12, 30, , 2
2017/6/9, 17, 38, , 1
2017/6/10, 24, 57, , 1
2017/6/11, 44, 52, , 2
2017/6/12, 46, 71, , 1
2017/6/13, 55, 60, , 2
2017/6/14, 57, 45, , 1
2017/6/15, 28, 31, , 1
2017/6/16, 16, 17, , 1
2017/6/17, 17, 23, , 2
2017/6/18, 24, 28, , 1
2017/6/19, 37, 27, , 1
2017/6/20, 33, 44, , 1
2017/6/21, 12, 47, , 1
2017/6/22, 35, 56, , 2
2017/6/23, 38, 30, , 1
2017/6/24, 47, 35, , 
2017/6/25, 19, 44, , 1
2017/6/26, 22, 40, , 1
2017/6/27, 15, 38, , 1
2017/6/28, 20, 31, , 
2017/6/29, 14, 45, , 
2017/6/30, 34, 70, , 1
2017/7/1, 46, 24, , 1
2017/1/3, 46, 20, , 3
2017/1/4, 21, 22, , 2
2017/1/5, 35, 19, , 2
2017/1/6, 39, 20, , 3
2017/1/7, 45, 20, , 3
2017/1/8, 46, 23, , 1
2017/1/9, 43, 18, , 2
2017/1/10, 41, 18, , 4
2017/1/11, 47, 20, , 3
2017/1/12, 49, 18, , 2
2017/1/13, 47, 25, , 2
2017/1/14, 40, 21, , 2
2017/1/15, 36, 24, , 3
2017/1/16, 45, 12, , 4
2017/1/17, 54, 10, , 5
2017/1/18, 60, 14, , 4
2017/1/19, 34, 16, , 3
2017/1/20, 31, 12, , 3
2017/1/21, 38, 5, , 4
2017/1/22, 52, 3, , 7
2017/1/23, 57, 23, , 1
2017/1/24, 22, 25, , 2
2017/1/25, 22, 24, , 3
2017/1/26, 31, 20, , 3
2017/1/27, 38, 18, , 1
2017/1/28, 23, , , 
2017/1/30, 32, 20, , 2
2017/1/31, 36, 18, , 3
2017/2/1, 35, 21, , 1
2017/2/2, 37, 25, , 2
2017/2/3, 32, 24, , 2
2017/2/4, 31, 25, , 2
2017/2/5, 32, 19, , 2
2017/2/6, 39, 24, , 4
2017/2/7, 47, 9, , 6
2017/2/8, 58, 13, , 2
2017/2/9, 10, 25, , 1
2017/2/10, 24, 26, , 3
2017/2/11, 28, 12, , 6
2017/2/12, 54, 15, , 3
2017/2/13, 33, 25, , 1
2017/2/14, 28, 18, , 2
2017/2/15, 33, 27, , 4
2017/2/16, 42, 23, , 2
2017/2/17, 30, 27, , 2
2017/2/18, 36, 24, , 3
2017/2/19, 47, 35, , 2
2017/2/20, 46, 30, , 1
2017/2/21, 28, 27, , 2
2017/2/22, 32, 16, , 6
2017/2/23, 51, 11, , 7
2017/2/24, 67, 24, , 5
2017/2/25, 37, 28, , 2
2017/2/26, 18, 28, , 1
2017/2/27, 23, 18, , 3
2017/2/28, 45, 20, , 4
2017/3/1, 43, 21, , 3
2017/3/2, 37, 34, , 1
2017/3/3, 22, 29, , 1
2017/3/4, 25, 29, , 1
2017/3/5, 22, 28, , 2
2017/3/6, 20, 16, , 3
2017/3/7, 40, 18, , 5
2017/3/8, 48, 33, , 1
2017/3/9, 23, 36, , 1
2017/3/10, 20, 30, , 1
2017/3/11, 21, 30, , 1
2017/3/12, 20, 28, , 
2017/3/13, 25, 23, , 
2017/3/14, 28, 26, , 1
2017/3/15, 21, 28, , 
2017/3/16, 23, 37, , 1
2017/3/17, 28, 34, , 2
2017/3/18, 33, 32, , 3
2017/3/19, 38, 38, , 2
2017/3/20, 23, 34, , 2
2017/3/21, 27, 37, , 3
2017/3/22, 37, 32, , 1
2017/3/23, 27, 29, , 2
2017/3/24, 24, 25, , 2
2017/3/25, 39, 21, , 3
2017/3/26, 55, 26, , 1
2017/3/27, 29, 23, , 5
2017/3/28, 35, 19, , 3
2017/3/29, 21, 30, , 1
2017/3/30, 12, 27, , 2
2017/3/31, 17, 30, , 2
2017/4/1, 13, 30, , 2
2016/10/2, 12, 14, , 3
2016/10/3, 24, 26, , 3
2016/10/4, 38, 25, , 1
2016/10/5, 26, 26, , 2
2016/10/6, 27, 27, , 3
2016/10/7, 39, 29, , 3
2016/10/8, 39, 12, , 3
2016/10/9, 34, 25, , 1
2016/10/10, 16, 26, , 1
2016/10/11, 16, 20, , 2
2016/10/12, 25, 24, , 3
2016/10/13, 33, 19, , 2
2016/10/14, 33, 23, , 2
2016/10/15, 17, 30, , 2
2016/10/16, 18, 28, , 2
2016/10/17, 32, 27, , 2
2016/10/18, 53, 30, , 3
2016/10/19, 61, 30, , 1
2016/10/20, 34, 21, , 2
2016/10/21, 36, 15, , 3
2016/10/22, 23, 16, , 
2016/10/23, 13, 26, , 2
2016/10/24, 24, 27, , 1
2016/10/25, 32, 19, , 
2016/10/26, 22, 21, , 1
2016/10/27, 19, 12, , 3
2016/10/28, 27, 18, , 1
2016/10/29, 20, 17, , 3
2016/10/30, 36, 25, , 2
2016/10/31, 53, 21, , 2
2016/11/1, 19, 19, , 3
2016/11/2, 33, 13, , 4
2016/11/3, 48, 24, , 4
2016/11/4, 44, 16, , 1
2016/11/5, 24, , , 3
2016/11/6, 28, , , 
2016/11/7, 26, , , 
2016/11/8, 21, 6, , 3
2016/11/9, 37, 14, , 3
2016/11/10, 50, 17, , 1
2016/11/11, 21, 22, , 1
2016/11/12, 31, 27, , 1
2016/11/13, 22, 27, , 2
2016/11/14, 37, 15, , 4
2016/11/15, 51, 20, , 2
2016/11/16, 39, 24, , 3
2016/11/17, 49, 22, , 1
2016/11/18, 53, 14, , 4
2016/11/19, 50, 17, , 3
2016/11/20, 38, 26, , 1
2016/11/21, 15, 27, , 
2016/11/22, 20, 26, , 1
2016/11/23, 28, 23, , 1
2016/11/24, 33, 13, , 3
2016/11/25, 39, 3, , 5
2016/11/26, 60, 13, , 2
2016/11/27, 40, 20, , 1
2016/11/28, 29, 17, , 3
2016/11/29, 45, 22, , 2
2016/11/30, 37, 17, , 4
2016/12/1, 36, 19, , 1
2016/12/2, 27, 13, , 1
2016/12/3, 35, 24, , 1
2016/12/4, 31, 26, , 2
2016/12/5, 32, 15, , 2
2016/12/6, 41, 14, , 3
2016/12/7, 36, 9, , 3
2016/12/8, 41, 13, , 2
2016/12/9, 46, 23, , 1
2016/12/10, 34, 18, , 2
2016/12/11, 31, 13, , 3
2016/12/12, 36, 10, , 3
2016/12/13, 46, 14, , 2
2016/12/14, 50, 21, , 2
2016/12/15, 48, 26, , 1
2016/12/16, 36, 16, , 2
2016/12/17, 45, 7, , 5
2016/12/18, 46, 20, , 2
2016/12/19, 51, 22, , 1
2016/12/20, 34, 15, , 3
2016/12/21, 41, 9, , 4
2016/12/22, 60, 18, , 3
2016/12/23, 56, 21, , 2
2016/12/24, 48, 19, , 2
2016/12/25, 51, 24, , 2
2016/12/26, 42, 18, , 3
2016/12/27, 41, 24, , 2
2016/12/28, 41, 17, , 3
2016/12/29, 41, 13, , 3
2016/12/30, 40, 19, , 1
2016/12/31, 40, 22, , 2
2017/1/1, 41, 25, , 4
2017/1/2, 50, 16, , 3
2016/7/2, 26, 28, , 1
2016/7/3, 15, 37, , 1
2016/7/4, 26, 49, , 1
2016/7/5, 42, 36, , 1
2016/7/6, 15, 67, , 2
2016/7/7, 44, 50, , 3
2016/7/8, 55, 44, , 1
2016/7/9, 40, 17, , 1
2016/7/10, 15, 27, , 1
2016/7/11, 8, 31, , 2
2016/7/12, 10, 42, , 1
2016/7/13, 21, 35, , 1
2016/7/14, 25, 21, , 
2016/7/15, 20, 52, , 1
2016/7/16, 37, 68, , 1
2016/7/17, 36, 63, , 1
2016/7/18, 36, 48, , 1
2016/7/19, 44, 27, , 
2016/7/20, 13, 44, , 1
2016/7/21, 23, 61, , 1
2016/7/22, 35, 65, , 1
2016/7/23, 51, 40, , 1
2016/7/24, 28, 43, , 1
2016/7/25, 29, 61, , 2
2016/7/26, 40, 34, , 1
2016/7/27, 18, 56, , 2
2016/7/28, 28, 65, , 2
2016/7/29, 49, 55, , 2
2016/7/30, 48, 51, , 2
2016/7/31, 60, 31, , 1
2016/8/1, 54, 35, , 1
2016/8/2, 28, 23, , 2
2016/8/4, 11, 26, , 2
2016/8/5, 26, 40, , 1
2016/8/6, 27, 42, , 1
2016/8/7, 28, 27, , 1
2016/8/8, 15, 40, , 2
2016/8/9, 25, 52, , 2
2016/8/10, 33, 32, , 1
2016/8/11, 34, 53, , 1
2016/8/12, 40, 41, , 1
2016/8/13, 33, 59, , 1
2016/8/14, 45, 35, , 1
2016/8/15, 27, 38, , 2
2016/8/16, 20, 39, , 2
2016/8/17, 38, 27, , 1
2016/8/18, 9, 46, , 2
2016/8/19, 22, 44, , 2
2016/8/20, 36, 46, , 2
2016/8/21, 32, 40, , 1
2016/8/22, 22, 24, , 
2016/8/23, 12, 43, , 1
2016/8/24, 22, 63, , 2
2016/8/25, 42, 45, , 2
2016/8/26, 42, 35, , 1
2016/8/27, 39, 40, , 2
2016/8/28, 29, 36, , 1
2016/8/29, 28, 34, , 1
2016/8/30, 22, 38, , 1
2016/8/31, 23, 49, , 1
2016/9/1, 43, 31, , 2
2016/9/2, 47, 25, , 2
2016/9/3, 13, 28, , 1
2016/9/4, 23, 31, , 1
2016/9/5, 17, 28, , 
2016/9/6, 17, 25, , 
2016/9/7, 17, 31, , 2
2016/9/8, 26, 51, , 3
2016/9/9, 54, 34, , 2
2016/9/10, 45, 51, , 2
2016/9/11, 55, 27, , 1
2016/9/12, 27, 24, , 1
2016/9/13, 18, 36, , 1
2016/9/14, 24, 61, , 1
2016/9/15, 36, 27, , 1
2016/9/16, 8, 28, , 1
2016/9/17, 14, 28, , 2
2016/9/18, 19, 27, , 2
2016/9/19, 34, 15, , 2
2016/9/20, 26, 31, , 2
2016/9/21, 28, 39, , 2
2016/9/22, 27, 40, , 2
2016/9/23, 28, 68, , 3
2016/9/24, 46, 28, , 1
2016/9/25, 13, 30, , 2
2016/9/26, 14, 36, , 1
2016/9/27, 21, 26, , 2
2016/9/28, 30, 27, , 2
2016/9/29, 30, 24, , 1
2016/9/30, 22, 16, , 1
2016/10/1, 19, 16, , 1
2016/4/2, 36, 27, , 2
2016/4/3, 20, 32, , 1
2016/4/4, 19, 23, , 3
2016/4/5, 32, 31, , 1
2016/4/6, 21, 33, , 3
2016/4/7, 22, 30, , 2
2016/4/8, 23, 28, , 1
2016/4/9, 15, 27, , 2
2016/4/10, 27, 30, , 1
2016/4/11, 21, 31, , 2
2016/4/12, 37, 27, , 2
2016/4/13, 33, 33, , 2
2016/4/14, 22, 33, , 2
2016/4/15, 27, 35, , 2
2016/4/16, 30, 38, , 2
2016/4/17, 21, 42, , 2
2016/4/18, 25, 49, , 2
2016/4/19, 32, 41, , 1
2016/4/20, 26, 39, , 2
2016/4/21, 14, 34, , 5
2016/4/22, 34, 43, , 3
2016/4/23, 63, 32, , 1
2016/4/24, 24, 39, , 2
2016/4/25, 16, 33, , 2
2016/4/26, 36, 27, , 2
2016/4/27, 37, 22, , 2
2016/4/28, 16, 33, , 1
2016/4/29, 20, 32, , 1
2016/4/30, 23, 55, , 1
2016/5/1, 21, 29, , 1
2016/5/2, 13, 19, , 3
2016/5/3, 31, 16, , 2
2016/5/4, 13, 22, , 2
2016/5/5, 10, 20, , 1
2016/5/6, 10, 18, , 2
2016/5/7, 16, 20, , 3
2016/5/8, 14, 30, , 2
2016/5/9, 20, 37, , 1
2016/5/10, 39, 29, , 1
2016/5/11, 18, 32, , 3
2016/5/12, 34, 50, , 3
2016/5/13, 45, 26, , 4
2016/5/14, 49, 37, , 2
2016/5/15, 16, 25, , 
2016/5/16, 6, 34, , 1
2016/5/17, 13, 27, , 2
2016/5/18, 31, 34, , 1
2016/5/19, 19, 32, , 3
2016/5/20, 33, 43, , 1
2016/5/21, 21, 34, , 3
2016/5/22, 26, 38, , 2
2016/5/23, 22, 44, , 2
2016/5/24, 28, 33, , 2
2016/5/25, 30, 73, , 2
2016/5/26, 51, 75, , 2
2016/5/27, 64, 49, , 2
2016/5/28, 70, 69, , 3
2016/5/29, 57, 44, , 1
2016/5/30, 27, 35, , 1
2016/5/31, 17, 50, , 2
2016/6/1, 30, 46, , 1
2016/6/2, 30, 33, , 1
2016/6/3, 27, 25, , 3
2016/6/4, 33, 54, , 2
2016/6/5, 41, 27, , 1
2016/6/6, 14, 43, , 1
2016/6/7, 21, 47, , 1
2016/6/8, 22, 24, , 1
2016/6/9, 11, 35, , 
2016/6/10, 10, 31, , 1
2016/6/11, 16, 52, , 2
2016/6/12, 48, 38, , 1
2016/6/13, 30, 20, , 
2016/6/14, 7, 31, , 1
2016/6/15, 12, 42, , 2
2016/6/16, 26, 30, , 3
2016/6/17, 50, 39, , 1
2016/6/18, 30, 60, , 2
2016/6/19, 29, 61, , 1
2016/6/20, 35, 42, , 3
2016/6/21, 36, 47, , 1
2016/6/22, 29, 42, , 2
2016/6/23, 25, 41, , 3
2016/6/24, 47, 48, , 2
2016/6/25, 41, 52, , 1
2016/6/26, 22, 60, , 1
2016/6/27, 30, 40, , 1
2016/6/28, 31, 31, , 1
2016/6/29, 19, 44, , 1
2016/6/30, 17, 41, , 1
2016/7/1, 22, 37, , 1
2016/1/5, 39, 19, , 9
2016/1/6, 45, 7, , 10
2016/1/7, 52, 4, , 8
2016/1/8, 64, 17, , 3
2016/1/9, 57, 19, , 2
2016/1/10, 54, 24, , 1
2016/1/11, 26, 22, , 2
2016/1/12, 32, 20, , 4
2016/1/13, 40, 23, , 3
2016/1/14, 43, 15, , 3
2016/1/15, 51, 10, , 4
2016/1/16, 75, 21, , 1
2016/1/17, 42, 20, , 
2016/1/18, 36, 23, , 
2016/1/19, 32, 23, , 
2016/1/20, 33, 23, , 1
2016/1/21, 35, 23, , 1
2016/1/22, 35, 23, , 1
2016/1/23, 28, 24, , 1
2016/1/24, 35, 24, , 2
2016/1/25, 40, 15, , 4
2016/1/26, 57, 10, , 4
2016/1/27, 59, 19, , 2
2016/1/28, 39, 15, , 7
2016/1/29, 43, 17, , 
2016/1/30, 45, 15, , 
2016/1/31, 44, 13, , 
2016/2/1, 59, 20, , 
2016/2/2, 54, 25, , 
2016/2/3, 32, 21, , 
2016/2/4, 42, 21, , 
2016/2/5, 24, 24, , 
2016/2/6, 22, 19, , 
2016/2/7, 37, 20, , 
2016/2/8, 49, 24, , 
2016/2/9, 29, 19, , 
2016/2/10, 40, 2, , 
2016/2/11, 39, 27, , 1
2016/2/12, 21, 24, , 2
2016/2/13, 27, 27, , 1
2016/2/14, 29, 21, , 2
2016/2/15, 36, 8, , 5
2016/2/16, 49, 26, , 2
2016/2/17, 39, 19, , 2
2016/2/18, 39, 25, , 2
2016/2/19, 24, 20, , 3
2016/2/20, 42, 24, , 2
2016/2/21, 38, 23, , 2
2016/2/22, 40, 25, , 3
2016/2/23, 27, 18, , 2
2016/2/24, 31, 22, , 3
2016/2/25, 31, 20, , 2
2016/2/26, 21, 28, , 1
2016/2/27, 26, 25, , 2
2016/2/28, 32, 31, , 2
2016/2/29, 41, 27, , 1
2016/3/1, 42, 27, , 2
2016/3/2, 39, 30, , 1
2016/3/3, 36, 25, , 1
2016/3/4, 21, 21, , 3
2016/3/5, 33, 29, , 2
2016/3/6, 24, 30, , 2
2016/3/7, 35, 25, , 3
2016/3/8, 55, 26, , 5
2016/3/9, 82, 24, , 6
2016/3/10, 72, 31, , 1
2016/3/11, 55, 24, , 1
2016/3/12, 18, 21, , 3
2016/3/13, 25, 31, , 2
2016/3/14, 32, 30, , 1
2016/3/15, 23, 26, , 4
2016/3/16, 19, 22, , 5
2016/3/17, 38, 30, , 2
2016/3/18, 24, 28, , 1
2016/3/19, 19, 30, , 1
2016/3/20, 16, 31, , 2
2016/3/21, 22, 33, , 2
2016/3/22, 22, 31, , 2
2016/3/23, 26, 36, , 3
2016/3/24, 47, 31, , 3
2016/3/25, 44, 30, , 3
2016/3/26, 51, 28, , 1
2016/3/27, 25, 28, , 2
2016/3/28, 22, 32, , 2
2016/3/29, 11, 32, , 1
2016/3/30, 19, 31, , 2
2016/3/31, 29, 36, , 2
2016/4/1, 41, 33, , 3
2015/10/2, 10, 13, , 1
2015/10/3, 7, 10, , 2
2015/10/4, 7, 25, , 2
2015/10/5, 13, 21, , 2
2015/10/6, 16, 25, , 3
2015/10/7, 18, 20, , 3
2015/10/8, 17, 21, , 3
2015/10/9, 28, 26, , 3
2015/10/10, 32, 26, , 3
2015/10/11, 10, 27, , 3
2015/10/12, 24, 31, , 4
2015/10/13, 38, 25, , 4
2015/10/14, 33, 15, , 2
2015/10/15, 16, 20, , 3
2015/10/16, 14, 25, , 2
2015/10/17, 19, 19, , 1
2015/10/18, 12, 20, , 2
2015/10/19, 12, 21, , 3
2015/10/20, 18, 23, , 3
2015/10/21, 32, 21, , 5
2015/10/22, 54, 22, , 4
2015/10/23, 55, 24, , 1
2015/10/24, 12, 15, , 3
2015/10/25, 11, 19, , 2
2015/10/26, 12, 17, , 3
2015/10/27, 17, 16, , 4
2015/10/28, 22, 20, , 3
2015/10/29, 9, 25, , 3
2015/10/30, 13, 19, , 2
2015/10/31, 17, 16, , 3
2015/11/1, 22, 20, , 4
2015/11/2, 35, 17, , 5
2015/11/3, 33, 10, , 7
2015/11/4, 50, 24, , 6
2015/11/5, 47, 5, , 7
2015/11/6, 55, 15, , 3
2015/11/7, 37, 21, , 2
2015/11/8, 17, 23, , 4
2015/11/9, 18, 10, , 6
2015/11/10, 35, 17, , 4
2015/11/11, 22, 21, , 3
2015/11/12, 14, 17, , 4
2015/11/13, 20, 22, , 3
2015/11/14, 18, 23, , 4
2015/11/15, 19, 19, , 5
2015/11/16, 27, 30, , 5
2015/11/17, 42, 18, , 4
2015/11/18, 24, 21, , 4
2015/11/19, 22, 24, , 3
2015/11/20, 20, 22, , 3
2015/11/21, 26, 21, , 4
2015/11/22, 35, 20, , 3
2015/11/23, 26, 20, , 5
2015/11/24, 26, 14, , 6
2015/11/25, 44, 17, , 7
2015/11/26, 51, 24, , 8
2015/11/27, 57, 17, , 6
2015/11/28, 33, 10, , 5
2015/11/29, 32, 19, , 4
2015/11/30, 20, 16, , 6
2015/12/1, 36, 14, , 6
2015/12/2, 33, 5, , 11
2015/12/3, 52, 19, , 2
2015/12/4, 21, 18, , 2
2015/12/5, 33, 12, , 4
2015/12/6, 46, 9, , 5
2015/12/7, 58, 10, , 5
2015/12/8, 63, 14, , 3
2015/12/9, 48, 23, , 7
2015/12/10, 63, 21, , 6
2015/12/11, 55, 8, , 6
2015/12/12, 70, 6, , 7
2015/12/13, 78, 13, , 6
2015/12/14, 68, 16, , 5
2015/12/15, 48, 23, , 2
2015/12/16, 15, 12, , 3
2015/12/17, 28, 12, , 5
2015/12/18, 33, 18, , 3
2015/12/19, 16, 15, , 2
2015/12/20, 26, , , 1
2015/12/21, 32, , , 1
2015/12/22, 41, , , 2
2015/12/23, 50, , , 3
2015/12/24, 50, , , 2
2015/12/25, 34, , , 3
2015/12/26, 56, 18, , 1
2015/12/27, 23, 14, , 2
2015/12/28, 39, 21, , 3
2015/12/29, 19, 20, , 5
2015/12/30, 28, 5, , 5
2015/12/31, 46, 15, , 5
2016/1/1, 27, , , 
2016/1/3, 42, 15, , 4
2016/1/4, 49, 20, , 6
2015/7/2, 50, 39, , 4
2015/7/3, 39, 43, , 3
2015/7/4, 24, 38, , 4
2015/7/5, 32, 46, , 4
2015/7/6, 52, 40, , 4
2015/7/7, 38, 38, , 4
2015/7/8, 41, 39, , 4
2015/7/9, 56, 31, , 4
2015/7/10, 46, 36, , 3
2015/7/11, 9, 45, , 3
2015/7/12, 19, 45, , 3
2015/7/13, 26, 46, , 3
2015/7/14, 27, 29, , 4
2015/7/15, 21, 33, , 3
2015/7/16, 23, 42, , 2
2015/7/17, 17, 43, , 2
2015/7/18, 9, 38, , 4
2015/7/19, 30, 68, , 4
2015/7/20, 43, 47, , 4
2015/7/21, 42, 44, , 3
2015/7/22, 40, 32, , 1
2015/7/23, 4, 33, , 2
2015/7/24, 9, 38, , 2
2015/7/25, 16, 50, , 2
2015/7/26, 26, 52, , 2
2015/7/27, 32, 45, , 3
2015/7/28, 32, 56, , 3
2015/7/29, 41, 71, , 3
2015/7/30, 51, 27, , 3
2015/7/31, 45, 34, , 2
2015/8/1, 21, 45, , 1
2015/8/2, 26, 45, , 2
2015/8/3, 19, 59, , 2
2015/8/4, 35, 44, , 2
2015/8/5, 31, 41, , 2
2015/8/6, 22, 32, , 1
2015/8/7, 7, 35, , 1
2015/8/8, 14, 34, , 1
2015/8/9, 14, 30, , 1
2015/8/10, 14, 23, , 1
2015/8/11, 10, 24, , 2
2015/8/12, 16, 26, , 
2015/8/13, 13, 33, , 1
2015/8/14, 8, 49, , 1
2015/8/15, 27, 69, , 2
2015/8/16, 50, 70, , 3
2015/8/17, 53, 67, , 2
2015/8/18, 55, 42, , 2
2015/8/19, 40, 25, , 2
2015/8/20, 11, 22, , 3
2015/8/21, 15, 47, , 2
2015/8/22, 13, 43, , 3
2015/8/23, 8, 34, , 3
2015/8/24, 21, 56, , 3
2015/8/25, 29, 50, , 3
2015/8/26, 43, 38, , 3
2015/8/27, 17, 24, , 2
2015/8/28, 13, 35, , 3
2015/8/29, 9, 55, , 3
2015/8/30, 30, 66, , 4
2015/8/31, 49, 47, , 5
2015/9/1, 61, 56, , 5
2015/9/2, 64, 64, , 5
2015/9/3, 71, 51, , 5
2015/9/4, 79, 35, , 3
2015/9/5, 54, 28, , 1
2015/9/6, 18, 31, , 
2015/9/7, 15, 56, , 3
2015/9/8, 31, 68, , 3
2015/9/9, 47, 27, , 3
2015/9/10, 47, 20, , 3
2015/9/11, 24, 33, , 3
2015/9/12, 12, 32, , 3
2015/9/13, 18, 28, , 1
2015/9/14, 10, 22, , 1
2015/9/15, 10, 49, , 2
2015/9/16, 27, 60, , 3
2015/9/17, 39, 77, , 3
2015/9/18, 46, 61, , 4
2015/9/19, 51, 35, , 3
2015/9/20, 30, 26, , 1
2015/9/21, 8, 26, , 2
2015/9/22, 12, 26, , 2
2015/9/23, 14, 37, , 3
2015/9/24, 20, 41, , 3
2015/9/25, 25, 24, , 3
2015/9/26, 18, 28, , 2
2015/9/27, 13, 26, , 3
2015/9/28, 17, 22, , 4
2015/9/29, 21, 21, , 4
2015/9/30, 25, 21, , 2
2015/10/1, 4, 14, , 2
2015/4/2, 24, 36, , 5
2015/4/3, 39, 26, , 8
2015/4/4, 54, 29, , 2
2015/4/5, 24, 31, , 3
2015/4/6, 24, 23, , 5
2015/4/7, 43, 20, , 5
2015/4/8, 40, 26, , 3
2015/4/9, 19, 22, , 3
2015/4/10, 14, 12, , 5
2015/4/11, 34, 33, , 2
2015/4/12, 17, 17, , 
2015/4/13, 23, 32, , 3
2015/4/14, 32, 29, , 4
2015/4/15, 22, 34, , 2
2015/4/16, 16, 35, , 3
2015/4/17, 14, 28, , 4
2015/4/18, 27, 43, , 3
2015/4/19, 33, 33, , 2
2015/4/20, 10, 26, , 4
2015/4/21, 17, 32, , 4
2015/4/22, 17, 32, , 4
2015/4/23, 29, 26, , 2
2015/4/24, 7, 27, , 2
2015/4/25, 10, 30, , 3
2015/4/26, 13, 35, , 2
2015/4/27, 9, 25, , 2
2015/4/28, 8, 34, , 
2015/4/29, 9, 36, , 2
2015/4/30, 16, 30, , 2
2015/5/1, 10, 26, , 3
2015/5/2, 13, 29, , 3
2015/5/3, 23, 39, , 4
2015/5/4, 28, 47, , 5
2015/5/5, 57, 48, , 3
2015/5/6, 54, 34, , 2
2015/5/7, 25, 39, , 3
2015/5/8, 39, 44, , 4
2015/5/9, 49, 26, , 4
2015/5/10, 38, 22, , 2
2015/5/11, 39, 18, , 2
2015/5/12, 73, 43, , 2
2015/5/13, 48, 23, , 1
2015/5/14, 6, 39, , 2
2015/5/15, 12, 44, , 3
2015/5/16, 29, 30, , 4
2015/5/17, 45, 41, , 
2015/5/18, 48, 25, , 3
2015/5/19, 40, 24, , 5
2015/5/20, 46, 25, , 1
2015/5/21, 8, 24, , 1
2015/5/22, 12, 38, , 
2015/5/23, 19, 33, , 2
2015/5/24, 18, 49, , 2
2015/5/25, 36, 48, , 1
2015/5/26, 45, 51, , 1
2015/5/27, 37, 28, , 3
2015/5/28, 31, 39, , 2
2015/5/29, 39, 35, , 2
2015/5/30, 21, 26, , 1
2015/5/31, 21, 31, , 1
2015/6/1, 23, 21, , 1
2015/6/3, 4, 22, , 
2015/6/4, 12, 25, , 1
2015/6/5, 4, 22, , 3
2015/6/6, 18, 34, , 1
2015/6/7, 19, 33, , 1
2015/6/8, 12, 33, , 1
2015/6/9, 25, 43, , 1
2015/6/10, 27, 45, , 1
2015/6/11, 53, 67, , 2
2015/6/12, 80, 55, , 2
2015/6/13, 57, 39, , 2
2015/6/14, 17, 73, , 1
2015/6/15, 25, 29, , 2
2015/6/16, 28, 20, , 2
2015/6/17, 30, 32, , 1
2015/6/18, 16, 28, , 1
2015/6/19, 12, 34, , 1
2015/6/20, 26, 23, , 1
2015/6/21, 19, 29, , 
2015/6/22, 23, 44, , 1
2015/6/23, 29, 39, , 4
2015/6/24, 56, 29, , 3
2015/6/25, 8, 36, , 5
2015/6/26, 22, 42, , 4
2015/6/27, 27, 28, , 3
2015/6/28, 10, 24, , 3
2015/6/29, 5, 27, , 3
2015/6/30, 7, 35, , 4
2015/7/1, 28, 39, , 5
2015/1/2, 48, 15, , 5
2015/1/3, 50, 13, , 6
2015/1/4, 44, 13, , 6
2015/1/5, 43, 23, , 5
2015/1/6, 33, 14, , 6
2015/1/7, 40, 21, , 6
2015/1/8, 42, 16, , 7
2015/1/9, 38, 17, , 
2015/1/10, 47, 19, , 
2015/1/11, 48, 10, , 1
2015/1/12, 53, 6, , 2
2015/1/13, 56, 19, , 2
2015/1/14, 43, 8, , 3
2015/1/15, 52, 15, , 1
2015/1/16, 59, 21, , 2
2015/1/17, 61, 17, , 1
2015/1/18, 35, 4, , 6
2015/1/19, 61, 17, , 
2015/1/20, 31, 16, , 
2015/1/21, 32, 13, , 2
2015/1/22, 42, 14, , 3
2015/1/23, 48, 13, , 3
2015/1/24, 50, 14, , 4
2015/1/25, 55, 21, , 2
2015/1/26, 38, 18, , 3
2015/1/27, 33, 24, , 2
2015/1/28, 34, 19, , 2
2015/1/29, 39, 11, , 2
2015/1/30, 39, 25, , 1
2015/1/31, 37, 27, , 
2015/2/1, 30, 17, , 1
2015/2/2, 46, 21, , 1
2015/2/3, 36, 22, , 1
2015/2/4, 39, 7, , 2
2015/2/5, 62, 22, , 6
2015/2/6, 42, 20, , 1
2015/2/7, 38, 7, , 5
2015/2/8, 60, 13, , 2
2015/2/9, 66, 15, , 1
2015/2/10, 35, 22, , 1
2015/2/11, 31, 26, , 3
2015/2/12, 38, 19, , 3
2015/2/13, 39, 24, , 3
2015/2/14, 30, 16, , 4
2015/2/15, 41, 24, , 3
2015/2/16, 41, 25, , 4
2015/2/17, 29, 23, , 4
2015/2/18, 40, 18, , 4
2015/2/19, 53, 26, , 3
2015/2/20, 35, 23, , 4
2015/2/21, 40, 16, , 4
2015/2/22, 43, 18, , 5
2015/2/23, 56, 25, , 2
2015/2/24, 33, 16, , 4
2015/2/25, 31, 27, , 4
2015/2/26, 48, 22, , 3
2015/2/27, 35, 25, , 3
2015/2/28, 42, 27, , 4
2015/3/1, 35, 17, , 5
2015/3/2, 40, 31, , 4
2015/3/3, 48, 21, , 4
2015/3/4, 30, 7, , 6
2015/3/5, 55, 20, , 3
2015/3/6, 33, 22, , 3
2015/3/7, 31, 26, , 5
2015/3/8, 48, 35, , 5
2015/3/9, 49, 32, , 4
2015/3/10, 43, 7, , 12
2015/3/11, 71, 34, , 4
2015/3/12, 50, 32, , 3
2015/3/13, 24, 25, , 4
2015/3/14, 18, 19, , 5
2015/3/15, 14, 26, , 3
2015/3/16, 19, 23, , 6
2015/3/17, 34, 27, , 7
2015/3/18, 39, 28, , 9
2015/3/19, 15, 27, , 10
2015/3/20, 17, 21, , 8
2015/3/21, 23, 24, , 
2015/3/22, 36, 27, , 
2015/3/23, 19, 26, , 8
2015/3/24, 23, 23, , 9
2015/3/25, 29, 19, , 13
2015/3/26, 44, 1, , 14
2015/3/27, 53, 22, , 2
2015/3/28, 9, , , 
2015/3/31, 25, 24, , 3
2015/4/1, 16, 31, , 3
2014/10/2, 7, 14, , 2
2014/10/3, 8, 21, , 2
2014/10/4, 16, 21, , 2
2014/10/5, 13, 17, , 1
2014/10/6, 16, 27, , 4
2014/10/7, 32, 29, , 1
2014/10/8, 25, 28, , 1
2014/10/9, 19, 28, , 1
2014/10/10, 20, 18, , 2
2014/10/11, 20, 13, , 2
2014/10/12, 25, 22, , 2
2014/10/13, 15, 22, , 5
2014/10/14, 25, 24, , 3
2014/10/15, 16, 23, , 3
2014/10/16, 18, 23, , 3
2014/10/17, 19, 23, , 3
2014/10/18, 31, 18, , 2
2014/10/19, 18, 19, , 2
2014/10/20, 8, 9, , 4
2014/10/21, 24, 23, , 4
2014/10/22, 29, 16, , 2
2014/10/23, 13, 13, , 1
2014/10/24, 7, 15, , 3
2014/10/25, 15, 31, , 2
2014/10/26, 33, 24, , 1
2014/10/27, 17, 14, , 3
2014/10/28, 21, 15, , 6
2014/10/29, 45, 20, , 3
2014/10/30, 33, 10, , 3
2014/10/31, 16, 12, , 3
2014/11/1, 15, 14, , 3
2014/11/2, 14, 21, , 4
2014/11/3, 14, 25, , 4
2014/11/4, 21, 20, , 5
2014/11/5, 41, 7, , 6
2014/11/6, 39, 6, , 4
2014/11/7, 24, 16, , 3
2014/11/8, 13, 16, , 4
2014/11/9, 18, 14, , 5
2014/11/10, 36, 5, , 7
2014/11/11, 46, 23, , 7
2014/11/12, 51, 9, , 5
2014/11/13, 32, 13, , 4
2014/11/14, 24, 18, , 5
2014/11/15, 22, 22, , 6
2014/11/16, 24, 14, , 6
2014/11/17, 34, 12, , 8
2014/11/18, 37, 20, , 6
2014/11/19, 35, 16, , 8
2014/11/20, 26, 19, , 7
2014/11/21, 38, 20, , 5
2014/11/22, 33, 12, , 4
2014/11/26, 17, 10, , 5
2014/11/27, 19, 13, , 7
2014/11/28, 20, 19, , 7
2014/11/29, 25, 16, , 8
2014/11/30, 26, 14, , 7
2014/12/1, 50, 15, , 5
2014/12/2, 51, 17, , 6
2014/12/3, 43, 11, , 7
2014/12/4, 39, 15, , 7
2014/12/5, 36, 8, , 8
2014/12/6, 38, , , 10
2014/12/7, 41, , , 7
2014/12/8, 24, , , 8
2014/12/9, 26, , , 8
2014/12/10, 11, 14, , 6
2014/12/11, 14, 15, , 5
2014/12/12, 29, 18, , 3
2014/12/13, 25, 20, , 1
2014/12/14, 28, 8, , 2
2014/12/15, 32, 7, , 5
2014/12/16, 41, , , 8
2014/12/17, 59, 10, , 3
2014/12/18, 28, 13, , 4
2014/12/19, 22, 15, , 4
2014/12/20, 26, 16, , 4
2014/12/21, 29, 11, , 4
2014/12/22, 44, 14, , 5
2014/12/23, 44, 14, , 5
2014/12/24, 33, 6, , 7
2014/12/25, 32, 21, , 3
2014/12/26, 26, 16, , 4
2014/12/27, 36, 9, , 6
2014/12/28, 52, 11, , 4
2014/12/29, 48, , , 
2014/7/2, 29, 34, , 5
2014/7/3, 34, 42, , 5
2014/7/4, 37, 26, , 3
2014/7/5, 14, 22, , 2
2014/7/6, 9, 45, , 3
2014/7/7, 22, 64, , 4
2014/7/8, 45, 55, , 4
2014/7/9, 50, 39, , 4
2014/7/10, 19, 41, , 4
2014/7/11, 22, 45, , 3
2014/7/12, 25, 42, , 4
2014/7/13, 35, 32, , 3
2014/7/14, 26, 34, , 4
2014/7/15, 30, 26, , 5
2014/7/16, 29, 38, , 3
2014/7/17, 13, 34, , 2
2014/7/18, 14, 39, , 3
2014/7/19, 14, 36, , 4
2014/7/20, 25, 38, , 3
2014/7/21, 14, 52, , 4
2014/7/22, 28, 39, , 4
2014/7/23, 35, 40, , 4
2014/7/24, 35, 28, , 2
2014/7/25, 7, 38, , 3
2014/7/26, 16, 39, , 3
2014/7/27, 32, 39, , 4
2014/7/28, 37, 40, , 3
2014/7/29, 10, 17, , 
2014/7/30, 5, 28, , 2
2014/7/31, 15, 40, , 4
2014/8/1, 51, 36, , 4
2014/8/2, 53, 40, , 3
2014/8/3, 32, 40, , 4
2014/8/4, 34, 35, , 4
2014/8/5, 26, 47, , 3
2014/8/6, 28, 32, , 2
2014/8/7, 23, 25, , 
2014/8/8, 20, 16, , 2
2014/8/9, 18, 32, , 3
2014/8/10, 18, 36, , 3
2014/8/11, 26, 33, , 2
2014/8/12, 23, 23, , 2
2014/8/13, 6, 29, , 2
2014/8/14, 11, 31, , 2
2014/8/15, 16, 18, , 2
2014/8/16, 7, 53, , 2
2014/8/17, 31, 7, , 2
2014/8/18, 34, 22, , 2
2014/8/19, 7, 35, , 3
2014/8/20, 19, 43, , 3
2014/8/21, 22, 32, , 2
2014/8/22, 20, 27, , 2
2014/8/23, 12, 21, , 2
2014/8/24, 12, 24, , 2
2014/8/25, 12, 24, , 3
2014/8/26, 26, 34, , 4
2014/8/27, 42, 63, , 4
2014/8/28, 45, 24, , 1
2014/8/29, 15, 27, , 2
2014/8/30, 9, 30, , 2
2014/8/31, 12, 33, , 4
2014/9/1, 38, 34, , 3
2014/9/2, 29, 42, , 3
2014/9/3, 41, 32, , 2
2014/9/4, 10, 43, , 3
2014/9/5, 27, 29, , 3
2014/9/6, 40, 37, , 1
2014/9/7, 42, 25, , 1
2014/9/8, 7, 21, , 2
2014/9/9, 13, 20, , 1
2014/9/10, 7, 27, , 1
2014/9/11, 17, 27, , 2
2014/9/12, 26, 26, , 1
2014/9/13, 4, 18, , 2
2014/9/14, 10, 24, , 2
2014/9/15, 8, 26, , 1
2014/9/16, 15, 29, , 2
2014/9/17, 22, 28, , 2
2014/9/18, 22, 30, , 2
2014/9/19, 30, 24, , 2
2014/9/20, 21, 30, , 2
2014/9/21, 30, 17, , 4
2014/9/22, 36, 20, , 1
2014/9/23, 11, 16, , 3
2014/9/24, 22, 22, , 2
2014/9/25, 24, 14, , 1
2014/9/26, 13, 27, , 2
2014/9/27, 24, 32, , 5
2014/9/28, 30, 44, , 4
2014/9/29, 47, 14, , 4
2014/9/30, 52, 15, , 3
2014/10/1, 28, 11, , 1
2014/4/2, 20, 9, , 
2014/4/3, 42, 25, , 
2014/4/4, 45, 24, , 
2014/4/5, 33, 29, , 
2014/4/6, 20, 33, , 
2014/4/7, 23, 25, , 
2014/4/8, 60, 29, , 
2014/4/9, 31, 31, , 
2014/4/10, 23, 32, , 
2014/4/11, 29, 37, , 
2014/4/12, 44, 37, , 
2014/4/13, 24, 35, , 
2014/4/14, 47, 24, , 
2014/4/15, 36, 22, , 
2014/4/16, 10, 28, , 
2014/4/17, 17, 30, , 
2014/4/18, 26, 25, , 
2014/4/19, 31, 38, , 
2014/4/20, 30, 34, , 
2014/4/21, 25, 24, , 
2014/4/22, 30, 30, , 
2014/4/23, 46, 29, , 
2014/4/24, 15, 34, , 
2014/4/25, 9, 30, , 
2014/4/26, 14, 31, , 
2014/4/27, 22, 26, , 
2014/4/28, 8, 37, , 
2014/4/29, 17, 24, , 
2014/4/30, 18, 25, , 
2014/5/1, 9, 32, , 
2014/5/2, 34, 35, , 
2014/5/3, 24, 30, , 
2014/5/4, 33, 32, , 
2014/5/5, 12, 30, , 
2014/5/6, 7, 30, , 
2014/5/7, 13, 28, , 
2014/5/8, 15, 27, , 
2014/5/9, 29, 18, , 
2014/5/10, 29, 35, , 
2014/5/11, 35, 42, , 
2014/5/12, 17, 34, , 
2014/5/13, 58, 27, , 
2014/5/14, 26, 19, , 
2014/5/15, 23, 22, , 
2014/5/16, 30, 26, , 
2014/5/17, 24, 38, , 
2014/5/18, 20, 34, , 
2014/5/19, 14, 37, , 
2014/5/20, 22, 36, , 
2014/5/21, 25, 43, , 
2014/5/22, 43, 31, , 
2014/5/23, 54, 28, , 
2014/5/24, 29, 22, , 
2014/5/25, 14, 33, , 
2014/5/26, 24, 44, , 
2014/5/27, 33, 51, , 
2014/5/28, 51, 20, , 
2014/5/29, 13, 25, , 
2014/5/30, 14, 31, , 
2014/5/31, 20, 27, , 3
2014/6/1, 11, 32, , 2
2014/6/2, 16, 40, , 4
2014/6/3, 31, 45, , 5
2014/6/4, 46, 44, , 5
2014/6/5, 42, 31, , 3
2014/6/6, 15, 14, , 3
2014/6/7, 8, 31, , 5
2014/6/8, 11, 44, , 4
2014/6/9, 23, 27, , 5
2014/6/10, 28, 27, , 5
2014/6/11, 35, 24, , 3
2014/6/12, 10, 19, , 5
2014/6/13, 16, 19, , 5
2014/6/14, 29, 25, , 4
2014/6/15, 15, 19, , 5
2014/6/16, 11, 31, , 5
2014/6/17, 16, 72, , 5
2014/6/18, 55, 33, , 4
2014/6/19, 28, 25, , 5
2014/6/20, 16, 28, , 3
2014/6/21, 9, 36, , 3
2014/6/22, 10, 48, , 4
2014/6/23, 20, 36, , 3
2014/6/24, 18, 27, , 4
2014/6/25, 11, 26, , 4
2014/6/26, 24, 31, , 4
2014/6/27, 12, 35, , 3
2014/6/28, 15, 46, , 3
2014/6/29, 20, 34, , 3
2014/6/30, 16, 33, , 4
2014/7/1, 16, 33, , 4
2014/1/2, 53, 10, , 
2014/1/3, 49, 19, , 
2014/1/4, 45, 15, , 
2014/1/5, 42, 1, , 
2014/1/6, 80, 17, , 
2014/1/7, 29, 20, , 
2014/1/8, 47, 11, , 
2014/1/9, 51, 10, , 
2014/1/10, 57, , , 
2014/1/11, 93, 9, , 
2014/1/12, 39, 18, , 
2014/1/13, 36, 5, , 
2014/1/14, 55, 4, , 
2014/1/15, 50, 3, , 
2014/1/16, 67, 9, , 
2014/1/17, 43, 7, , 
2014/1/18, 59, 13, , 
2014/1/19, 60, 12, , 
2014/1/20, 47, 13, , 
2014/1/21, 47, 18, , 
2014/1/22, 31, 20, , 
2014/1/23, 32, 16, , 
2014/1/24, 47, 18, , 
2014/1/25, 39, 11, , 
2014/1/26, 43, 22, , 
2014/1/27, 35, 17, , 
2014/1/28, 50, 19, , 
2014/1/29, 35, 15, , 
2014/1/30, 45, 7, , 
2014/1/31, 51, 6, , 
2014/2/1, 58, 9, , 
2014/2/2, 69, 8, , 
2014/2/3, 64, 11, , 
2014/2/4, 48, 11, , 
2014/2/5, 50, 11, , 
2014/2/6, 46, 18, , 
2014/2/7, 43, 17, , 
2014/2/8, 51, 18, , 
2014/2/9, 37, 16, , 
2014/2/10, 48, 21, , 
2014/2/11, 59, 17, , 
2014/2/12, 44, 12, , 
2014/2/13, 47, , , 
2014/2/14, 25, , , 
2014/2/15, 46, , , 
2014/2/16, 64, , , 
2014/2/17, 37, , , 
2014/2/18, 31, , , 
2014/2/19, 51, , , 
2014/2/20, 77, , , 
2014/2/21, 46, , , 
2014/2/22, 40, , , 
2014/2/23, 34, , , 
2014/2/24, 29, , , 
2014/2/25, 22, , , 
2014/2/26, 22, , , 
2014/2/27, 12, , , 
2014/2/28, 36, 17, , 
2014/3/1, 33, 14, , 
2014/3/2, 38, 18, , 
2014/3/3, 50, 21, , 
2014/3/4, 30, 15, , 
2014/3/5, 39, 19, , 
2014/3/6, 48, 21, , 
2014/3/7, 34, 14, , 
2014/3/8, 35, 31, , 
2014/3/9, 47, 32, , 
2014/3/10, 41, 22, , 
2014/3/11, 55, 27, , 
2014/3/12, 48, 19, , 
2014/3/13, 62, 25, , 
2014/3/14, 23, 19, , 
2014/3/15, 29, 32, , 
2014/3/16, 28, 26, , 
2014/3/17, 18, 21, , 
2014/3/18, 22, 23, , 
2014/3/19, 37, 19, , 
2014/3/20, 32, 28, , 
2014/3/21, 28, 31, , 
2014/3/22, 30, 31, , 
2014/3/23, 40, 26, , 
2014/3/24, 23, 24, , 
2014/3/25, 21, 23, , 
2014/3/26, 31, 28, , 
2014/3/27, 32, 21, , 
2014/3/28, 34, 15, , 
2014/3/29, 52, 19, , 
2014/3/30, 29, 22, , 
2014/3/31, 13, 26, , 
2014/4/1, 20, 28, , 
2020/1/1, , 20, , 2
2019/1/1, , 28, , 2
2018/1/15, , 18, , 
2018/1/16, , 4, , 
2017/9/9, , 18, , 
2017/4/10, , 38, , 3
2016/8/3, , 28, , 1
2015/6/2, , 10, , 1
2015/1/1, , 18, , 5
2015/3/30, , 27, , 2
2014/11/23, , 15, , 5
2014/11/24, , 19, , 4
2014/11/25, , 16, , 4
2014/1/1, , 13, , 